job_number,source_book,book_title,job_statement,job_type,persona,job_map_stage,granularity,prerequisites,related_jobs,desired_outcomes,section,evidence,notes,doc
1,release_notes,Release notes,"When planning to upgrade OpenShift Pipelines, I want to verify my cluster version is supported, so I can avoid compatibility issues and ensure successful deployment.",core,Platform administrator,Plan,main_job,,Review breaking changes before upgrade | Assess technology preview features | Check component version compatibility,Minimize risk of upgrade failure | Ensure all pipeline components are supported on my cluster version | Understand which features are GA vs Technology Preview,Compatibility and support matrix,"release_notes-combined.adoc -> Compatibility and support matrix, lines 85-124",Main job for pre-upgrade compatibility verification,release_notes-combined.adoc
2,release_notes,Release notes,"When planning to adopt a new Pipelines release, I want to evaluate new Pipelines features and enhancements, so I can identify improvements that benefit my CI/CD workflows.",core,Pipeline developer,Evaluate,main_job,,Assess impact on existing pipelines | Test new features in non-production,Improve pipeline performance and reliability | Reduce pipeline execution time | Enhance security posture of pipelines,New features and enhancements - Pipelines,"release_notes-combined.adoc -> New features and enhancements - Pipelines, lines 145-198",Main job for feature adoption evaluation,release_notes-combined.adoc
3,release_notes,Release notes,"When exploring Technology Preview features, I want to understand multi-cluster capabilities, so I can assess readiness for distributed pipeline architectures.",core,Platform administrator,Evaluate,main_job,,Review production readiness criteria | Plan proof-of-concept testing,Understand multi-cluster architecture options | Assess benefits and risks of Technology Preview features | Plan for future production adoption,Technology Preview features - Multi-cluster,"release_notes-combined.adoc -> Technology Preview features, lines 313-357",Main job for evaluating experimental features,release_notes-combined.adoc
4,release_notes,Release notes,"When planning an upgrade, I want to identify breaking changes, so I can prepare migration steps and avoid disruption to existing pipelines.",core,Platform administrator,Plan,main_job,,Review deprecated features | Test upgrade in non-production | Communicate changes to development teams,Prevent pipeline failures after upgrade | Minimize downtime during upgrade | Plan necessary configuration changes,Breaking changes,"release_notes-combined.adoc -> Breaking changes, lines 359-368",Critical for upgrade planning,release_notes-combined.adoc
5,release_notes,Release notes,"When assessing release risks, I want to review known issues and workarounds, so I can determine if issues affect my use cases and plan mitigation.",core,Platform administrator,Troubleshoot,main_job,,Subscribe to issue tracker for updates | Test affected scenarios in staging,Understand risks before upgrading | Prepare workarounds for known issues | Make informed go/no-go upgrade decision,Known issues,"release_notes-combined.adoc -> Known issues, lines 370-399",Main job for risk assessment,release_notes-combined.adoc
6,release_notes,Release notes,"When evaluating an upgrade, I want to review fixed issues, so I can determine if the release resolves problems affecting my pipelines.",core,Platform administrator,Evaluate,main_job,,Cross-reference with internal issue tracker | Validate fixes in test environment,Confirm known problems are resolved | Identify fixes that improve pipeline reliability | Justify upgrade to stakeholders,Fixed issues,"release_notes-combined.adoc -> Fixed issues, lines 401-591",Main job for understanding release improvements,release_notes-combined.adoc
7,release_notes,Release notes,"When planning for future upgrades, I want to understand deprecated features, so I can plan migration away from features scheduled for removal.",core,Platform administrator,Plan,main_job,,Inventory usage of deprecated features | Schedule migration work,Avoid breaking changes in future releases | Plan orderly migration timeline | Communicate deprecations to development teams,Deprecated features,"release_notes-combined.adoc -> Deprecated features, lines 594-605",Main job for deprecation awareness,release_notes-combined.adoc
8,release_notes,Release notes,"When upgrading from previous releases, I want to understand removed features, so I can identify and remediate breaking configuration changes.",core,Platform administrator,Upgrade,main_job,,Audit existing configurations for removed features | Test upgrade in non-production,Prevent configuration errors after upgrade | Successfully migrate away from removed features,Removed features,"release_notes-combined.adoc -> Removed features, lines 607-619",Critical for upgrade execution,release_notes-combined.adoc
9,about,About OpenShift Pipelines,"When evaluating CI/CD solutions for Kubernetes-based applications, I want to understand what OpenShift Pipelines is and its cloud-native approach, so I can determine if it fits my automation needs.",core,Platform engineer,Get Started,main_job,,Understand OpenShift Pipelines concepts | Understand key features,Minimize time to evaluate CI/CD options | Ensure the solution is cloud-native and Kubernetes-compatible | Reduce uncertainty about portability across Kubernetes distributions,About OpenShift Pipelines,"about-combined.adoc -> About OpenShift Pipelines, lines 58-79",Entry-level main job covering initial understanding of the product. This is the 'what is it' question for platform evaluators.,about-combined.adoc
10,about,About OpenShift Pipelines,"When learning about OpenShift Pipelines, I want to understand the core concepts including tasks, pipelines, workspaces, triggers, and their relationships, so I can design effective CI/CD workflows.",core,DevOps engineer,Get Started,main_job,Understand what OpenShift Pipelines is,Understand tasks | Understand pipelines | Understand workspaces | Understand triggers,Minimize time to become productive with OpenShift Pipelines | Ensure I understand the building blocks before creating workflows | Reduce errors from misunderstanding core concepts,OpenShift Pipelines concepts,"about-combined.adoc -> OpenShift Pipelines concepts, lines 124-129",Main job covering conceptual understanding needed to work effectively with the platform. This is the foundation for all other work.,about-combined.adoc
11,about,About OpenShift Pipelines,"When implementing automated CI/CD workflows, I want to understand how Triggers capture external events and automatically instantiate pipeline runs, so I can create event-driven automation for my applications.",core,DevOps engineer,Get Started,main_job,Understand pipelines | Understand pipeline runs,Understand TriggerBinding | Understand TriggerTemplate | Understand EventListener,Minimize manual intervention by automating pipeline execution | Ensure pipelines start automatically on repository changes | Reduce time between code commit and deployment | Understand how to extract event data and create pipeline runs,Triggers,"about-combined.adoc -> Triggers, lines 1002-1190","Main job covering event-driven automation. Separate from core concepts because it represents a complete automation workflow pattern. Includes TriggerBinding, TriggerTemplate, Trigger, and EventListener components.",about-combined.adoc
12,install_config,Installing and configuring,"When deploying CI/CD infrastructure, I want to install the OpenShift Pipelines Operator through the web console, so I can enable pipeline functionality across my cluster with minimal setup complexity.",consumption,Cluster administrator,Get Started,main_job,,Configure TektonConfig profiles | Verify Operator installation | Install in restricted environment,Minimize installation time | Ensure all components are ready automatically | Avoid manual configuration errors | Enable automatic upgrades,Installing the Red Hat OpenShift Pipelines Operator in web console,"install_config-combined.adoc -> Installing the Red Hat OpenShift Pipelines Operator in web console, lines 74-183",Main installation job covering Operator deployment via UI. Includes automatic TektonConfig CR installation with profile selection (Lite/Basic/All).,install_config
13,install_config,Installing and configuring,"When the Operator installation completes, I want to verify that all Tekton components are ready and functional, so I can confirm the installation succeeded before creating pipelines.",consumption,Cluster administrator,Get Started,main_job,Install the OpenShift Pipelines Operator,Check component versions | Troubleshoot installation issues,Minimize time to validate installation | Ensure all components are ready before use | Detect installation failures early,Installing the Red Hat OpenShift Pipelines Operator in web console,"install_config-combined.adoc -> Installing the Red Hat OpenShift Pipelines Operator in web console, lines 134-182","Verification job using CLI commands 'oc get tektonconfig config' and 'oc get tektonpipeline,tektontrigger,tektonchain,tektonaddon,pac'. Web console status may show 'Succeeded Up to date' even if components still installing.",install_config
14,install_config,Installing and configuring,"When operating in a disconnected or air-gapped network environment, I want the Pipelines Operator to automatically configure proxy settings for pipeline components, so I can run pipelines without manual proxy configuration.",consumption,Cluster administrator,Configure,main_job,Install the OpenShift Pipelines Operator | Configure cluster proxy object,Mirror images to restricted environment | Disable proxy for specific namespaces,Minimize manual proxy configuration | Ensure pipeline containers can access required resources | Avoid proxy-related pipeline failures,Red Hat OpenShift Pipelines Operator in a restricted environment,"install_config-combined.adoc -> Red Hat OpenShift Pipelines Operator in a restricted environment, lines 240-256",Operator installs proxy webhook that sets environment variables based on cluster proxy object. Proxy disabled by default for openshift-pipelines namespace. Can disable for other namespaces using label 'operator.tekton.dev/disable-proxy: true'.,install_config
15,install_config,Installing and configuring,"When I need to fully remove OpenShift Pipelines from my cluster, I want to cleanly uninstall all components and custom resources, so I can ensure no residual configuration or resources remain that could interfere with future installations or cluster operations.",consumption,Cluster administrator,Conclude,main_job,Have cluster administrator permissions | Understand that uninstallation will delete all pipelines and tasks,Back up existing pipelines before uninstallation | Reinstall OpenShift Pipelines if needed,Minimize time required to completely remove all Pipelines components | Ensure no orphaned resources remain after uninstallation | Reduce likelihood of conflicts during future reinstallation | Prevent accidental deletion of important pipeline resources,Uninstalling OpenShift Pipelines,"install_config-combined.adoc, lines 335-393: Assembly abstract states 'Cluster administrators can uninstall the Pipelines Operator by performing the following steps: Delete the Custom Resources (CRs) for the optional components, TektonHub and TektonResult, if these CRs exist, and then delete the TektonConfig CR. Uninstall the Pipelines Operator. Delete the Custom Resource Definitions (CRDs) of the operator.tekton.dev group.'",Main decommissioning job for the entire Pipelines lifecycle. Requires careful sequencing to avoid orphaned components. Documentation emphasizes the importance of CR deletion before operator removal.,install_config-combined.adoc
16,install_config,Installing and configuring,"When managing high-volume pipeline workloads, I want to optimize controller performance with HA mode and resource allocation, so I can reduce delays and handle peak loads without bottlenecks",core,Cluster administrator,Configure,main_job,Install OpenShift Pipelines Operator,Configure pipeline control plane | Monitor pipeline performance,Minimize time for task runs to start under high load | Reduce likelihood of controller bottlenecks during peak operations | Ensure controller operations scale across multiple replicas | Optimize API query throughput to cluster control plane,Performance tuning using the TektonConfig custom resource,"install_config-combined.adoc -> Performance tuning using the TektonConfig custom resource, lines 541-613. Key quotes: 'You can tune the performance and high availability (HA) of the {pipelines-shortname} controller by editing the TektonConfig custom resource', 'Without HA mode, a single pod executes these operations, potentially creating significant delays under a high load', 'In HA mode, {pipelines-shortname} uses several pods (replicas) to run these operations'","Main job for performance optimization. Covers HA mode, bucket configuration, replica counts, API query limits. Multiple user stories for different tuning scenarios.",install_config-combined.adoc
17,install_config,Installing and configuring,"When deploying pipelines in production environments, I want to configure control plane settings like sidecar behavior and metrics collection, so I can tailor pipeline execution to my cluster's characteristics",core,Cluster administrator,Configure,main_job,Install OpenShift Pipelines | Access to TektonConfig CR,Change default service account | Configure pipeline resolvers | Disable service monitor,Minimize task run startup time in non-sidecar environments | Ensure metrics accurately reflect pipeline performance | Reduce resource consumption for unnecessary features | Customize pipeline behavior to match operational needs,Configuring the pipelines control plane,"install_config-combined.adoc -> Configuring the {pipelines-title} control plane, lines 621-668. Key quotes: 'You can configure the {pipelines-shortname} control plane to suit your operational needs by editing the TektonConfig custom resource', 'Customize settings such as metrics collection, sidecar injection, and service account defaults'","Main job covering control plane configuration. Multiple user stories for specific settings like sidecars, metrics, service accounts, API fields.",install_config-combined.adoc
18,install_config,Installing and configuring,"When enforcing security policies across pipelines, I want to change the default service account used by task and pipeline runs, so I can align with organizational RBAC requirements",core,Cluster administrator,Secure,main_job,Create custom service account with appropriate permissions | Install OpenShift Pipelines,Configure RBAC resources | Disable automatic RBAC creation,Ensure all pipeline runs use approved service accounts | Reduce likelihood of privilege escalation | Minimize manual service account specification per run | Align pipeline execution with security policies,Changing the default service account for OpenShift Pipelines,"install_config-combined.adoc -> Changing the default service account, lines 764-784. Key quotes: 'You can change the default service account used by {pipelines-shortname} for task and pipeline runs to meet your security or operational requirements', 'default-service-account: pipeline'",Main job for service account management. Security-focused configuration.,install_config-combined.adoc
19,install_config,Installing and configuring,"When managing how pipelines fetch remote resources, I want to enable or disable specific resolvers and configure their behavior, so I can control resource resolution methods and security policies",core,Cluster administrator,Configure,main_job,Install OpenShift Pipelines | Understand resolver types and their security implications,Disable pipeline templates | Configure Tekton Hub integration | Migrate to Artifact Hub,Ensure only approved resolver types are available | Minimize security risks from unauthorized remote resources | Configure resolver-specific settings per organizational policy | Reduce complexity by disabling unused resolvers,Configuring pipeline resolvers,"install_config-combined.adoc -> Configuring pipeline resolvers, lines 903-949. Key quotes: 'You can enable or disable specific pipeline resolvers, such as git, cluster, bundle, and hub resolvers, to control how your pipelines fetch resources', 'enable-bundles-resolver', 'enable-cluster-resolver', 'enable-git-resolver', 'enable-hub-resolver'",Main job for resolver configuration. Security and resource management focus. Multiple user stories for different resolvers.,install_config-combined.adoc
20,install_config,Installing and configuring,"When Tekton Hub deprecation affects my pipelines, I want to migrate to Artifact Hub as the catalog source, so I can ensure uninterrupted catalog resolution and continue using prebuilt tasks",core,Platform engineer,Migrate,main_job,Identify resources using Tekton Hub | Understand Artifact Hub catalog structure | Access to pipeline resource definitions,Configure pipeline resolvers | Assess migration impact,Ensure zero disruption to pipeline execution during migration | Minimize manual changes required across resources | Reduce likelihood of catalog resolution failures | Verify all Tekton resources use supported catalog,Migrating from Tekton Hub to Artifact Hub,"install_config-combined.adoc -> Migrating from Tekton Hub to Artifact Hub, lines 1065-1189. Key quotes: 'Red Hat deprecated this service. Use _Artifact Hub_, a centralized catalog for Tekton resources, instead', 'The hub resolver now defaults to the artifact type', 'You can update existing Tekton resources to use {artifact-hub} instead of the deprecated {tekton-hub}'",Main job for Tekton Hub to Artifact Hub migration. Migration-focused with assessment and execution sub-tasks.,install_config-combined.adoc
21,install_config,Installing and configuring,"When managing cluster resources over time, I want to automatically remove completed TaskRun and PipelineRun objects, so I can prevent resource exhaustion and maintain optimal cluster performance.",core,Cluster administrator,Operate,main_job,Install OpenShift Pipelines Operator | Have cluster-admin privileges,Monitor cluster resource usage | Configure namespace-specific policies,Minimize cluster resource consumption from stale objects | Reduce storage costs from unused pipeline runs | Prevent performance degradation from excessive API objects | Ensure automatic cleanup without manual intervention,Automatic pruning of task runs and pipeline runs,install_config-combined.adoc -> Automatic pruning of task runs and pipeline runs (lines 1426-1436): 'You can automatically prune stale TaskRun and PipelineRun resources to free up cluster resources. Pipelines provides a configurable pruner that removes unused objects based on your policies.',Core operational job for lifecycle management. Two implementation approaches: scheduled (cron-based) and event-driven (real-time).,install_config-combined.adoc
22,install_config,Installing and configuring,"When cluster security policies require fine-grained permission control, I want to disable automatic cluster-wide RBAC creation, so I can prevent privileged role bindings and manually manage permissions per namespace.",core,Cluster administrator,Secure,main_job,Have cluster-admin privileges | Understand pipelines-scc security implications,Manually create namespace-specific RBAC resources | Configure Trusted CA bundle separately,Minimize security risk from RunAsAny SCC privilege | Ensure RBAC resources only exist in approved namespaces | Reduce blast radius of pipeline permissions,Disabling the automatic creation of RBAC resources,"install_config-combined.adoc -> Disabling the automatic creation of RBAC resources (lines 1240-1276): 'You can disable the automatic creation of cluster-wide RBAC resources by using the Pipelines Operator to improve security and control over permissions.' 'Among these RBAC resources, the pipelines-scc-rolebinding security context constraint (SCC) role binding resource is a potential security issue, because the associated pipelines-scc SCC has the RunAsAny privilege.' Set createRbacResource to false.",Security-focused configuration job. Addresses RunAsAny SCC privilege risk.,install_config-combined.adoc
23,install_config,Installing and configuring,"When enforcing supply chain security, I want to disable inline taskSpec and pipelineSpec definitions, so I can require all pipelines and tasks to be referenced from version-controlled resources or resolvers.",core,Security engineer,Secure,main_job,Have TektonConfig modification access | Establish pipeline and task versioning strategy,Configure Tekton resolvers | Implement pipeline catalog,Minimize risk of unaudited code execution | Ensure all pipeline definitions are version-controlled | Reduce likelihood of configuration drift from inline specs | Enforce compliance with security scanning policies,Disabling inline specification of pipelines and tasks,"install_config-combined.adoc -> Disabling inline specification of pipelines and tasks (lines 1284-1370): 'You can disable the inline specification of tasks and pipelines to enforce the use of referenced resources and improve security.' Shows disable-inline-spec parameter accepting 'pipeline,pipelinerun,taskrun' to prevent taskSpec: and pipelineSpec: usage. 'Instead, you must use a taskRef: spec to incorporate a task from a Task CR or to specify a task using a resolver.'",Supply chain security control. Forces use of taskRef/pipelineRef instead of inline definitions.,install_config-combined.adoc
24,install_config,Installing and configuring,"When customizing admission control behavior, I want to configure webhook failure policies and timeouts in TektonConfig, so I can control how Kubernetes handles webhook failures and prevent pipeline submission delays.",core,Platform engineer,Configure,main_job,Understand webhook types (mutating vs validating) | Have TektonConfig modification access,Monitor webhook latency | Troubleshoot webhook timeout errors,Minimize pipeline submission failures from webhook timeouts | Ensure appropriate failure policy for production stability | Reduce API server load from slow webhooks,Setting additional options for webhooks,"install_config-combined.adoc -> Setting additional options for webhooks (lines 1969-2118): 'You can configure advanced webhook options, such as failure policies and timeouts, for Pipelines controllers to improve stability and error handling.' Shows webhookConfigurationOptions with failurePolicy, timeoutSeconds, sideEffects settings for validation.webhook.pipeline.tekton.dev and webhook.pipeline.tekton.dev. Covers pipeline, triggers, pipelinesAsCode, and hub controllers.",Webhook configuration applies to multiple controllers. Cannot configure operator webhooks.,install_config-combined.adoc
25,install_config,Installing and configuring,"When operating in disconnected or private networks, I want to configure a custom Artifact Hub URL in TektonConfig, so I can resolve pipeline resources from an internal registry instead of public artifacthub.io.",consumption,Cluster administrator,Configure,main_job,Deploy private Artifact Hub instance | Configure network connectivity from resolver pods | Configure TLS certificates for HTTPS,Configure authentication for private hub | Mirror pipeline catalog to private hub,Minimize dependency on external network connectivity | Ensure resolver pods can access pipeline resources | Reduce catalog lookup latency,Configuring custom Artifact Hub endpoint for disconnected environments,"install_config-combined.adoc -> Configuring custom Artifact Hub endpoint (lines 1201-1231): 'For disconnected or private environments, configure a custom Artifact Hub endpoint.' Shows hub-resolver-config with default-artifact-hub-url. Important note: 'When using a private Artifact Hub: Verify network connectivity from the resolver pods. Configure TLS certificates for HTTPS endpoints. Configure authentication, if required. Ensure catalog names match those published in your private hub.'",Consumption-chain job for disconnected/air-gapped environments. Requires private Artifact Hub deployment.,install_config-combined.adoc
26,resource,Managing performance and resource use,"When running many concurrent pipelines, I want to optimize controller performance, so I can reduce failures and minimize execution delays.",core,Platform Engineer,Operate,main_job,Install OpenShift Pipelines,Monitor cluster resource usage | Set compute resource quotas,Minimize pipeline execution time | Reduce likelihood of pipeline failures | Ensure adequate cluster resources for concurrent pipeline runs,Managing OpenShift Pipelines performance,"resource-combined.adoc -> Managing OpenShift Pipelines performance, lines 1-46",Main job covering performance optimization for high-volume pipeline environments,resource-combined.adoc
27,resource,Managing performance and resource use,"When operating in a multitenant environment, I want to control resource consumption per namespace, so I can prevent any one application from consuming excessive resources.",core,Cluster Administrator,Configure,main_job,Install OpenShift Pipelines | Create namespaces,Set resource quotas | Configure limit ranges,Minimize impact on other applications | Ensure fair resource distribution across tenants | Prevent resource exhaustion,Reducing resource consumption of OpenShift Pipelines,"resource-combined.adoc -> Reducing resource consumption of OpenShift Pipelines, lines 54-72",Main job for resource governance in multitenant clusters,resource-combined.adoc
28,resource,Managing performance and resource use,"When using referenced tasks from bundles or shared pipelines, I want to override step-level resources in the PipelineRun, so I can allocate more CPU or memory without modifying the original task definition.",core,Pipeline Developer,Configure,main_job,Install OpenShift Pipelines,Use Tekton bundles | Configure Pipelines as Code,Prevent task step failures due to insufficient resources | Avoid modifying shared pipeline definitions | Ensure precise resource allocation for specific steps,Override step level compute resources in a PipelineRun,"resource-combined.adoc -> Override step level compute resources in a PipelineRun, lines 185-211",Main job for runtime resource customization without modifying task definitions,resource-combined.adoc
29,resource,Managing performance and resource use,"When managing pipeline workloads, I want to set compute resource quotas for pipelines rather than entire namespaces, so I can control resource consumption at the pipeline level.",core,Cluster Administrator,Configure,main_job,Install OpenShift Pipelines,Set resource quotas per namespace | Configure limit ranges,Minimize resource consumption by pipeline workloads | Ensure fair resource allocation across pipelines | Prevent pipeline pods from exceeding quotas,Setting compute resource quota for OpenShift Pipelines,"resource-combined.adoc -> Setting compute resource quota for OpenShift Pipelines, lines 306-318",Main job for pipeline-level quota management; currently not directly supported,resource-combined.adoc
30,resource,Managing performance and resource use,"When cluster maintenance operations occur, I want to protect critical pipeline workloads from eviction, so I can prevent disruption of non-reentrant tasks.",core,SRE,Operate,main_job,Install OpenShift Pipelines,Perform cluster maintenance | Schedule node drains,Prevent eviction of running critical workloads | Minimize disruption during cluster upgrades | Ensure non-reentrant tasks complete successfully,Protecting Tekton workload pods from eviction during node drains,"resource-combined.adoc -> Protecting Tekton workload pods from eviction during node drains, lines 627-641",Main job for protecting workloads during voluntary disruptions,resource-combined.adoc
31,resource,Managing performance and resource use,"When running many concurrent tasks on a single cluster, I want to distribute pipeline workloads across multiple clusters, so I can overcome performance limitations and resource contention.",core,Platform Engineer,Operate,main_job,Install OpenShift Pipelines | Have multiple OpenShift clusters available,Manage pipeline performance | Configure Kueue,Reduce resource contention on Kubernetes API server | Minimize impact of cluster failures | Improve overall pipeline capacity | Ensure horizontal scalability,Multicluster support for OpenShift Pipelines,"resource-combined.adoc -> Multicluster support for OpenShift Pipelines, lines 751-761",Main job for horizontal scaling via multicluster distribution; Technology Preview feature,resource-combined.adoc
32,create,Creating CI/CD pipelines,"When I need to automate application build, test, and deployment workflows, I want to create a customized CI/CD solution using pipelines, so I can reduce manual effort and ensure consistent delivery processes.",core,Application developer,Develop,main_job,Have OpenShift cluster access | Have OpenShift Pipelines installed | Have pipelines CLI installed,Configure pipeline triggers | Monitor pipeline execution | Manage pipeline resources,Minimize time to deploy application changes | Reduce likelihood of deployment errors | Ensure consistent build and test processes across environments,Creating CI/CD solutions for applications using OpenShift Pipelines,"create-combined.adoc -> Creating CI/CD solutions for applications using OpenShift Pipelines, lines 64-76",Main job covering the overall goal of creating CI/CD pipelines for applications,create-combined.adoc
33,create,Creating CI/CD pipelines,"When I need to create CI/CD pipelines for my application, I want to access pipeline creation options from the Developer perspective, so I can build automated delivery workflows integrated with my development process.",core,Application developer,Configure,main_job,,Deploy applications using pipelines | Monitor pipeline execution,Minimize time to create a working pipeline | Reduce complexity of pipeline configuration | Ensure pipelines integrate with application lifecycle,Working with OpenShift Pipelines in the Developer perspective,"create-combined.adoc -> Working with OpenShift Pipelines in the Developer perspective, lines 1503-1512",Main job covering pipeline creation in Developer perspective. Two primary approaches: Pipeline builder and From Git option.,create-combined.adoc
34,create,Creating CI/CD pipelines,"When I have created pipelines, I want to view pipeline details and execution status in a visual interface, so I can understand pipeline structure, monitor runs, and troubleshoot failures efficiently.",core,Application developer,Monitor,main_job,Create a pipeline,Start pipeline runs | Debug failed pipeline runs | View pipeline metrics,Minimize time to identify failed tasks | Reduce effort to understand pipeline structure | Ensure quick access to logs and error details,Interacting with pipelines using the Developer perspective,"create-combined.adoc -> Interacting with pipelines using the Developer perspective, lines 1704-1766","Main job covering pipeline monitoring and interaction. Developer perspective provides visual representation of serial tasks, parallel tasks, finally tasks, and when expressions.",create-combined.adoc
35,create,Creating CI/CD pipelines,"When I have created a pipeline, I want to start it with configured resources and credentials, so the included tasks execute in the defined sequence to build and deploy my application.",core,Application developer,Execute,main_job,Create a pipeline | Define pipeline resources,Configure Git resources | Configure image resources | Add authentication secrets,Minimize time to execute pipeline run | Reduce errors from missing resources or credentials | Ensure pipeline tasks execute successfully,Starting pipelines from Pipelines view,"create-combined.adoc -> Starting pipelines from Pipelines view, lines 1775-1839","Main job covering pipeline execution. Can start from Pipelines view, Pipeline Details page, or Topology view. Supports adding secrets for private Git servers and image registries.",create-combined.adoc
36,create,Creating CI/CD pipelines,"When I need to modify an existing pipeline, I want to edit pipeline configuration through the web console, so I can add tasks, change parameters, or update resources without recreating the entire pipeline.",core,Application developer,Modify,main_job,Have an existing pipeline,Add pipeline tasks | Configure task parameters | Remove pipeline tasks,Minimize time to update pipeline configuration | Reduce risk of breaking working pipelines | Ensure changes are applied without pipeline recreation,Editing pipelines,"create-combined.adoc -> Editing pipelines, lines 1897-1912","Main job covering pipeline modification. Uses Pipeline builder page for visual editing. Can add/remove tasks, modify parameters, and update resources.",create-combined.adoc
37,create,Creating CI/CD pipelines,"As a cluster administrator, when I want to provide reusable pipeline patterns, I want to create pipeline templates in the openshift namespace, so developers can reuse standardized pipelines across projects.",core,Cluster administrator,Configure,main_job,Have cluster administrator permissions | Install OpenShift Pipelines Operator,Define runtime labels for templates | Define pipeline type labels,Minimize developer effort to create common pipelines | Ensure consistent pipeline patterns across teams | Reduce duplication of pipeline definitions,Creating pipeline templates in the Administrator perspective,"create-combined.adoc -> Creating pipeline templates in the Administrator perspective, lines 1945-1981",Administrator-specific job for creating reusable templates. Templates must be created in openshift namespace with runtime and type labels.,create-combined.adoc
38,create,Creating CI/CD pipelines,"When I need to analyze pipeline performance across my organization, I want to view consolidated execution statistics, so I can identify trends, optimize workflows, and report on CI/CD effectiveness.",core,Platform administrator,Analyze,main_job,Install Tekton Results | Enable OpenShift Pipelines console plugin,Monitor pipeline success ratios | Track pipeline run durations | View pipeline run trends,Minimize time to identify performance trends | Ensure visibility into pipeline success rates | Reduce effort to generate pipeline reports,Pipeline execution statistics in the web console,"create-combined.adoc -> Pipeline execution statistics in the web console, lines 1990-2002",Requires Tekton Results installation and console plugin enablement. Provides statistics for all pipelines together and individual pipelines.,create-combined.adoc
39,create,Creating CI/CD pipelines,"When building container images in pipelines that require RHEL packages, I want to use Red Hat entitlements, so I can access RHEL repositories during the build process.",core,Pipeline developer,Configure,main_job,Enable the Insights Operator feature on the OpenShift cluster | Configure importing of Red Hat entitlements into the Insights Operator from Simple Content Access (SCA) | Log in to the OpenShift cluster using the oc CLI,Build container images using Buildah task | Configure pipeline workspaces | Manage secrets across namespaces,Minimize time required to configure entitlement access | Reduce likelihood of build failures due to missing RHEL packages | Ensure entitlements are securely managed across pipeline namespaces | Avoid manual secret management overhead,Using Red Hat entitlements in pipelines,"create-combined.adoc -> Using Red Hat entitlements in pipelines (abstract and overview), lines 6358-6368","This main job has two distinct user stories for different implementation approaches: manual secret copying (simpler, for few namespaces) vs CSI driver (automated, for many namespaces).",create-combined.adoc
40,create,Creating CI/CD pipelines,"When building CI/CD pipelines, I want to reuse existing pipeline and task definitions from various sources, so I can avoid duplicating code and leverage community-tested solutions.",core,Pipeline developer,Develop,main_job,,Create pipeline runs | Create task runs | Define custom tasks,Minimize time spent recreating common pipeline tasks | Reduce likelihood of errors from copy-paste mistakes | Ensure access to latest versions of reusable components | Increase pipeline maintainability through centralized definitions,"Specifying remote pipelines, tasks, and step actions using resolvers","create-combined.adoc -> Specifying remote pipelines, tasks, and step actions using resolvers, lines 2176-2181: 'Pipelines and tasks are reusable blocks for your CI/CD processes. You can reuse pipelines or tasks that you developed before, or that were developed by others, without having to copy and paste their definitions.'",Main job covering all resolver types. This is the overarching goal - reusing existing pipeline/task definitions.,create-combined.adoc
41,records,Observability in OpenShift Pipelines,"When managing pipeline operations at scale, I want to preserve complete execution history beyond the lifecycle of CRs, so I can maintain long-term observability and compliance without resource bloat.",core,Platform Engineer,Observe,main_job,,Configure retention policies | Query historical pipeline data | Monitor pipeline performance,Minimize storage overhead from keeping live CRs | Ensure complete audit trail is preserved | Enable historical analysis without performance impact,Using Tekton Results for OpenShift Pipelines observability,"records-combined.adoc -> Assembly header and abstract, lines 59-66",Core observability job - archives PipelineRun and TaskRun information after CR deletion,records-combined.adoc
42,records,Observability in OpenShift Pipelines,"When enabling observability for pipelines, I want to ensure Tekton Results is properly configured, so I can capture the data I need without manual intervention.",core,Platform Engineer,Configure,main_job,Install OpenShift Pipelines,Configure log forwarding | Set up external database | Define retention policies,Minimize configuration complexity | Ensure all required data is captured | Reduce likelihood of misconfiguration,Configuring Tekton Results,"records-combined.adoc -> Section 'Configuring Tekton Results', lines 256-267",Main configuration job - Tekton Results enabled by default but requires additional configuration for logging,records-combined.adoc
43,records,Observability in OpenShift Pipelines,"When monitoring Tekton Results health and performance, I want to track storage latency and deletion metrics, so I can identify performance issues and data loss risks.",core,SRE,Monitor,main_job,Configure ServiceMonitor for Tekton Results | Have Prometheus Operator deployed,Query metrics with PromQL | Create alerting rules,Minimize time to detect storage failures | Reduce likelihood of undetected data loss | Ensure visibility into deletion timing,Observability metrics for Tekton Results,"records-combined.adoc -> Section 'Observability metrics for Tekton Results', lines 508-603","Metrics exposed by tekton-results-watcher on port 9090 - covers storage performance, failures, deletion duration and count",records-combined.adoc
44,records,Observability in OpenShift Pipelines,"When investigating pipeline execution history, I want to query archived results and records, so I can analyze past runs and troubleshoot issues.",core,Pipeline Admin,Observe,main_job,Install opc utility (via tkn CLI package) | Configure authentication for Tekton Results API,Search with CEL queries | Retrieve YAML manifests | Access log data,Minimize time to locate specific pipeline runs | Ensure complete execution history is accessible | Reduce dependency on live CRs for investigation,Querying Tekton Results for results and records,"records-combined.adoc -> Section 'Querying Tekton Results for results and records', lines 611-622","Uses opc CLI utility - can query by name, UUID, or CEL expressions",records-combined.adoc
45,records,Observability in OpenShift Pipelines,"When I prefer to work with run names rather than result UUIDs, I want to query by PipelineRun and TaskRun names, so I can use familiar identifiers from my workflow.",core,Developer,Observe,main_job,Configure opc utility with results config set,Query by result/record names | List runs by namespace or pipeline,Minimize cognitive overhead of UUID-based queries | Enable queries using familiar run names | Reduce time to find specific runs,Querying results and logs by the names of pipeline runs and task runs,"records-combined.adoc -> Section 'Querying results and logs by the names of pipeline runs and task runs', lines 1005-1029","Technology Preview feature - different opc configuration required, uses run names instead of result UUIDs",records-combined.adoc
46,records,Observability in OpenShift Pipelines,"When managing database storage and compliance, I want to understand how the retention policy agent works, so I can configure appropriate retention rules and avoid data loss or excess storage.",core,Platform Engineer,Administer,main_job,,Configure retention policies | Monitor storage usage,Minimize risk of unintended data deletion | Ensure compliance retention periods are enforced | Reduce storage costs from unlimited retention,Understanding the Tekton Results retention policy,"records-combined.adoc -> Section 'Understanding the Tekton Results retention policy', lines 1449-1506",Retention policy determines when results/records are pruned - configured via config map with defaultRetention and fine-grained policies,records-combined.adoc
47,pac,Pipelines as Code,"When I need to implement GitOps-driven CI/CD for my applications, I want to understand how Pipelines as Code works, so I can determine if it meets my automation requirements.",core,Platform Administrator,Get Started,main_job,,Install Pipelines as Code | Configure Git repository integration,Minimize time to understand PaC capabilities | Reduce uncertainty about GitOps integration options | Ensure the solution supports my Git provider,About Pipelines as Code,"pac-combined.adoc -> About Pipelines as Code, lines 59-118",Main job covering initial understanding of PaC concepts and capabilities,pac
48,pac,Pipelines as Code,"When I need to enable Pipelines as Code functionality, I want to install it on my OpenShift cluster, so I can start using GitOps-driven pipelines.",consumption,Platform Administrator,Configure,main_job,Install OpenShift Pipelines Operator,Customize PaC configuration | Configure Git provider integration,Minimize installation time | Ensure PaC is correctly deployed in openshift-pipelines namespace | Avoid installation errors,Installing Pipelines as Code on an OpenShift cluster,"pac-combined.adoc -> Installing Pipelines as Code, lines 196-267",Main installation job,pac
49,pac,Pipelines as Code,"When I need to customize Pipelines as Code behavior, I want to configure parameters in the TektonConfig CR, so I can adjust settings like application name, remote tasks, and webhook behavior.",core,Platform Administrator,Configure,main_job,Install Pipelines as Code,Configure GitHub App settings | Set up error detection,Minimize configuration errors | Ensure settings match organizational policies | Enable necessary features while maintaining security,Customizing Pipelines as Code configuration,"pac-combined.adoc -> Customizing Pipelines as Code configuration, lines 342-397",Main job for PaC customization via TektonConfig,pac
50,pac,Pipelines as Code,"When I need to integrate Pipelines as Code with GitHub, I want to configure a GitHub App using the tkn CLI, so I can automate the setup process.",core,Platform Administrator,Configure,main_job,Install tkn pac CLI | Cluster administrator access,Verify GitHub App configuration | Install GitHub App on repositories,Minimize manual configuration steps | Reduce setup time | Avoid configuration errors,Configure a GitHub App using the command line interface,"pac-combined.adoc -> Configure a GitHub App using CLI, lines 570-612",Main job for GitHub App setup via CLI,pac
51,pac,Pipelines as Code,"When my pipeline needs to access multiple repositories, I want to scope the GitHub token to additional repositories, so I can fetch tasks or code from private repositories outside the main repository.",core,DevOps Engineer,Secure,main_job,GitHub App configured | Repository CR created,Configure global token scoping | Configure repository-level scoping,Minimize security risks while enabling necessary access | Ensure tokens work across required repositories | Avoid access denied errors in pipelines,Scope the GitHub token to additional repositories,"pac-combined.adoc -> Scope GitHub token, lines 776-895",Main job for token scoping to enable cross-repo access,pac
52,pac,Pipelines as Code,"When my organization uses GitLab, I want to integrate Pipelines as Code with GitLab webhooks, so I can use PaC with GitLab repositories.",core,Platform Administrator,Configure,main_job,PaC installed | GitLab personal access token,Configure GitLab webhook | Create Repository CR for GitLab,Enable PaC for GitLab repositories | Minimize integration complexity | Ensure merge request status is reported,Use Pipelines as Code with GitLab,"pac-combined.adoc -> Use PaC with GitLab, lines 1141-1339",Main job for GitLab integration,pac
53,pac,Pipelines as Code,"When my organization uses Bitbucket Cloud, I want to integrate Pipelines as Code with Bitbucket webhooks, so I can use PaC with Bitbucket repositories.",core,Platform Administrator,Configure,main_job,PaC installed | Bitbucket app password,Configure Bitbucket webhook | Create Repository CR for Bitbucket,Enable PaC for Bitbucket Cloud repositories | Minimize integration complexity | Ensure pull request status is reported,Use Pipelines as Code with Bitbucket Cloud,"pac-combined.adoc -> Use PaC with Bitbucket Cloud, lines 1348-1588",Main job for Bitbucket Cloud integration,pac
54,pac,Pipelines as Code,"When my organization uses Bitbucket Data Center, I want to integrate Pipelines as Code with Bitbucket webhooks, so I can use PaC with self-hosted Bitbucket repositories.",core,Platform Administrator,Configure,main_job,PaC installed | Bitbucket personal access token,Configure Bitbucket webhook | Create Repository CR for Bitbucket,Enable PaC for Bitbucket Data Center repositories | Minimize integration complexity | Ensure pull request status is reported,Use Pipelines as Code with Bitbucket Data Center,"pac-combined.adoc -> Use PaC with Bitbucket Data Center, lines 1598-1738",Main job for Bitbucket Data Center integration,pac
55,pac,Pipelines as Code,"When I want to connect a Git repository to Pipelines as Code, I want to create a Repository CR in my namespace, so I can enable PaC to process events from this repository.",core,Application Developer,Configure,main_job,PaC configured for Git provider | Target namespace created,Configure webhook or GitHub App | Define pipeline runs in .tekton directory,Minimize setup time for new repositories | Ensure PaC matches events to correct namespace | Avoid namespace targeting errors,Creating the Repository custom resource,"pac-combined.adoc -> Creating Repository CR, lines 1911-1939",Main job for Repository CR creation,pac
56,pac,Pipelines as Code,"When I need to create pipeline runs triggered by Git events, I want to define pipeline run definitions in the .tekton directory, so I can automate my CI/CD workflow.",core,Application Developer,Deploy,main_job,PaC configured with Git provider | Repository CR created | .tekton directory in repository,Match pipeline runs to events | Use dynamic variables | Reference remote tasks,Minimize time to create working pipeline runs | Ensure pipeline runs trigger on correct events | Enable reusable pipeline definitions,Creating a pipeline run in Pipelines as Code,"pac-combined.adoc -> Creating a pipeline run, lines 2216-2377",Main job for pipeline run creation,pac
57,pac,Pipelines as Code,"When Git events occur on my repository, I want Pipelines as Code to automatically run matching pipeline runs, so I can execute CI/CD workflows without manual intervention.",core,Application Developer,Deploy,main_job,Repository CR configured | Pipeline run definitions in .tekton directory | Git provider integration configured,Monitor pipeline run execution | View pipeline logs | Check run status,Ensure pipelines run automatically on events | Minimize manual pipeline triggering | Enable continuous integration,Running a pipeline run using Pipelines as Code,"pac-combined.adoc -> Running a pipeline run, lines 3162-3200",Main job for automatic pipeline execution,pac
58,pac,Pipelines as Code,"When I need to retry failed pipelines or cancel running pipelines, I want to use comments or GitHub App features, so I can control pipeline execution without new commits.",core,Application Developer,Operate,main_job,Pipeline run exists | Appropriate repository permissions,Use /retest comment | Use /cancel comment | Use Re-run all checks,Minimize unnecessary commits for testing | Enable quick pipeline retries | Reduce wasted cluster resources,Restarting or canceling a pipeline run,"pac-combined.adoc -> Restarting or canceling pipeline run, lines 3287-3375",Main job for pipeline run lifecycle control,pac
59,pac,Pipelines as Code,"When pipeline runs execute, I want to monitor their status through various channels, so I can identify failures and track progress.",core,Application Developer,Monitor,main_job,Pipeline run created and running,View status in GitHub Checks | View log error snippets | Check Repository CR status | Review Kubernetes events,Minimize time to identify failures | Ensure clear error reporting | Enable quick debugging,Monitoring pipeline run status,"pac-combined.adoc -> Monitoring pipeline run status, lines 3384-3468",Main job for pipeline run monitoring across multiple interfaces,pac
60,pac,Pipelines as Code,"When I need to manage Pipelines as Code from the command line, I want to use the tkn pac CLI tool, so I can bootstrap, create repositories, and troubleshoot PaC.",core,DevOps Engineer,Reference,main_job,tkn pac CLI installed,Bootstrap GitHub App | Create repositories | Resolve pipeline runs | List repositories,Minimize time for common PaC operations | Enable scripting and automation | Provide quick access to PaC functions,Pipelines as Code command reference,"pac-combined.adoc -> PaC command reference, lines 3660-3904",Main job for CLI-based PaC management,pac
61,secure,Securing OpenShift Pipelines,"When I need to ensure supply chain security for my CI/CD pipelines, I want to automatically sign and verify task runs and pipeline runs, so I can prove the integrity and provenance of my software artifacts.",core,Security engineer,Secure,main_job,,Configure Tekton Chains | Authenticate to OCI registry | Generate signing keys,Minimize risk of supply chain attacks | Ensure cryptographic proof of artifact integrity | Enable compliance with security policies | Reduce manual verification effort,Using Tekton Chains for OpenShift Pipelines supply chain security,"secure-combined.adoc -> 'Using Tekton Chains for OpenShift Pipelines supply chain security', lines 58-78. Key quote: 'You can use it to manage the supply chain security of the tasks and pipelines created using {pipelines-title}. By default, {tekton-chains} observes all task run executions... takes a snapshot... converts the snapshot to one or more standard payload formats, and finally signs and stores all artifacts.'",,secure-combined.adoc
62,secure,Securing OpenShift Pipelines,"When I need to customize Tekton Chains behavior for my organization, I want to modify configuration parameters via the TektonConfig custom resource, so I can control artifact formats, storage backends, and signing methods.",core,Cluster administrator,Configure,main_job,Install OpenShift Pipelines Operator,Configure storage backends | Configure signing schemes | Set transparency options,Minimize configuration complexity | Ensure configuration changes apply automatically | Reduce likelihood of misconfiguration | Enable standardized security controls across namespaces,Configuring Tekton Chains,"secure-combined.adoc -> 'Configuring Tekton Chains', lines 85-112. Key quote: 'The {pipelines-title} Operator installs {tekton-chains} by default. You can configure {tekton-chains} by modifying the TektonConfig custom resource; the Operator automatically applies the changes that you make in this custom resource.'",,secure-combined.adoc
63,secure,Securing OpenShift Pipelines,"When I need to sign task runs and pipeline runs, I want to generate and store cryptographic keys in Kubernetes secrets, so I can enable Tekton Chains to sign artifacts automatically.",core,Security engineer,Secure,main_job,Have openshift-pipelines namespace access,Choose signing scheme (x509 or cosign) | Generate cosign key pair | Generate x509 key pair,"Minimize time to generate signing keys | Ensure keys meet security requirements (encryption, key type) | Reduce risk of key compromise | Enable automated signing without manual key management",Secrets for signing data in Tekton Chains,"secure-combined.adoc -> 'Secrets for signing data in Tekton Chains', lines 631-656. Key quote: 'Cluster administrators can generate a key pair and use {tekton-chains} to sign artifacts by using a Kubernetes secret. For {tekton-chains} to work, a private key and a password for encrypted keys must exist as part of the signing-secrets secret in the openshift-pipelines namespace.'",,secure-combined.adoc
64,secure,Securing OpenShift Pipelines,"When I need to push signatures to an OCI registry, I want to configure service account credentials with registry authentication, so I can enable Tekton Chains to store signed artifacts in the registry.",core,Platform engineer,Configure,main_job,Have OCI registry accessible | Have Docker config credentials,Create custom service account | Patch service account with imagePullSecrets,Minimize authentication failures when pushing signatures | Ensure credentials are securely stored | Reduce manual credential management effort | Enable automated signature storage,Authenticating to an OCI registry,"secure-combined.adoc -> 'Authenticating to an OCI registry', lines 897-965. Key quote: 'Set up a service account with the necessary credentials so that {tekton-chains} can push signatures to an OCI registry. The {tekton-chains} controller uses the same service account that starts task runs. To configure authentication with an OCI registry, create the required credentials and associate them with this service account.'",,secure-combined.adoc
65,secure,Securing OpenShift Pipelines,"When I need to verify the complete signing workflow, I want to create a task run, retrieve its signature, and verify it with the public key, so I can ensure Tekton Chains is correctly signing artifacts.",core,Security engineer,Secure,main_job,Have Tekton Chains configured | Have signing keys generated | Have cosign installed,Configure Tekton Chains storage backend | Extract task run signature | Verify signature with cosign,Minimize time to validate signing workflow | Ensure signatures are cryptographically valid | Reduce risk of signing misconfiguration | Enable confidence in supply chain security,Creating and verifying task run signatures without any additional authentication,"secure-combined.adoc -> 'Creating and verifying task run signatures without any additional authentication', lines 973-1082. Key quote: 'To verify signatures of task runs by using {tekton-chains} with any additional authentication, perform the following tasks: Generate an encrypted x509 or cosign key pair... Configure the {tekton-chains} backend storage... Create a task run, sign it, and store the signature... Retrieve the signature and payload... Verify the signature of the task run.'",,secure-combined.adoc
66,secure,Securing OpenShift Pipelines,"When I need to prove image integrity and provenance for compliance, I want to sign OCI images and their provenance attestations, so I can enable cryptographic verification of the entire build process.",core,Security engineer,Secure,main_job,Have Tekton Chains configured | Have signing keys generated | Have OCI registry authentication configured,Configure Kaniko task for image building | Push signatures to OCI registry | Search Rekor transparency log,Ensure end-to-end build provenance is signed | Minimize risk of unsigned images in production | Enable tamper-proof audit trail | Reduce compliance audit effort,Using Tekton Chains to sign and verify image and provenance,"secure-combined.adoc -> 'Using Tekton Chains to sign and verify image and provenance', lines 1096-1237. Key quote: 'Cluster administrators can use {tekton-chains} to sign and verify images and provenances, by performing the following tasks: Generate an encrypted x509 or cosign key pair... Set up authentication for the OCI registry to store images, image signatures, and signed image attestations... Configure {tekton-chains} to generate and sign provenance... Create an image with Kaniko in a task run... Verify the signed image and the signed provenance.'",,secure-combined.adoc
67,secure,Securing OpenShift Pipelines,"When I need to visualize supply chain security artifacts in the OpenShift web console, I want to configure pipelines to display signed badges, vulnerabilities, and SBOMs, so I can quickly assess security posture without CLI tools.",core,DevOps engineer,Observe,main_job,Have Tekton Chains configured | Have vulnerability scanning task | Have SBOM generation task,Configure vulnerability scanning | Configure SBOM generation | View signed badges in UI,Minimize time to assess security status | Enable non-CLI users to access security data | Reduce friction in security review workflows | Ensure security artifacts are visible in developer workflows,Setting up OpenShift Pipelines to view Software Supply Chain Security elements,"secure-combined.adoc -> 'Setting up OpenShift Pipelines to view Software Supply Chain Security elements', lines 1305-1326. Key quote: 'Use the Developer or Administrator perspective to create or change a pipeline and view key Software Supply Chain Security elements within a project. Set up {pipelines-shortname} to view: Project vulnerabilities... Software Bill of Materials (SBOMs)... PipelineRuns that meet {tekton-chains} requirement displays signed badges next to their names.'",,secure-combined.adoc
68,secure,Securing OpenShift Pipelines,"When I need to control security permissions for pipeline pods, I want to configure security context constraints (SCC) for task runs and pipeline runs, so I can enforce least-privilege principles while enabling required capabilities.",core,Cluster administrator,Secure,main_job,Have OpenShift Pipelines installed,Configure default SCC for all pods | Configure namespace-specific SCC | Create custom SCC for specific runs,"Minimize security risks from excessive permissions | Enable required capabilities (e.g., SETFCAP for Buildah) | Reduce likelihood of privilege escalation | Ensure compliance with security policies",Configuring the security context for pods,"secure-combined.adoc -> 'Configuring the security context for pods', lines 1731-1766. Key quote: 'The default service account for pods that {pipelines-shortname} starts is pipeline. The security context constraint (SCC) associated with the pipeline service account is pipelines-scc... You can configure the security context for pods that {pipelines-shortname} creates for pipeline runs and task runs. You can make the following changes: Change the default and maximum SCC for all pods, Change the default SCC for pods created for pipeline runs and task runs in a particular namespace, Configure a particular pipeline run or task run to use a custom SCC and service account.'",,secure-combined.adoc
69,secure,Securing OpenShift Pipelines,"When I need to protect webhook endpoints from unauthorized access, I want to enable HTTPS for event listeners, so I can ensure secure communication within and outside the cluster",core,Cluster admin,Secure,main_job,Create namespace | Install OpenShift Pipelines Operator,Configure Trigger resources | Create TriggerBinding | Create TriggerTemplate,Minimize risk of webhook data interception | Ensure encrypted connections to event listeners | Enable both internal and external secure access,Securing webhooks with event listeners,"Section 'Securing webhooks with event listeners', lines 2044-2063. Abstract states: 'you enable HTTPS for the Eventlistener resource by adding the operator.tekton.dev/enable-annotation=enabled label to the namespace'",,
70,secure,Securing OpenShift Pipelines,"When pipelines need to interact with protected repositories, I want to configure authentication using secrets, so I can enable secure access to Git and container repositories during pipeline execution",core,DevOps engineer,Secure,main_job,"Create service account or define workspace | Have repository credentials (tokens, SSH keys, or Docker configs)",Configure pipeline runs | Configure task runs | Manage service account permissions,Minimize risk of credential exposure | Enable authenticated access to private repositories | Reduce authentication configuration complexity,Authenticating pipelines with repositories using secrets,"Section 'Authenticating pipelines with repositories using secrets', lines 2246-2316. Abstract states: 'you can use secrets to authenticate pipeline runs and task runs that interact with a Git repository or container repository during execution'",,
71,secure,Securing OpenShift Pipelines,"When I need to build container images in pipelines, I want to run Buildah as a non-root user, so I can reduce security exposure from container processes and prevent potential host access from malicious resources",core,Security engineer,Secure,main_job,Understand security context constraints | Have buildah task available,Configure custom service accounts | Define security context constraints | Build images in pipelines,Minimize security exposure from root-level container processes | Reduce risk of container escape attacks | Enable unprivileged image builds,Building of container images using Buildah as a non-root user,"Section 'Building of container images using Buildah as a non-root user', lines 3137-3207. Abstract states: 'Running OpenShift Pipelines as the root user on a container can expose the container processes and the host to other potentially malicious resources. You can reduce this type of exposure by running the workload as a specific non-root user'",,
72,secure,Securing OpenShift Pipelines,"When I need to build OCI images with enhanced security, I want to use the buildah-ns task with user namespace isolation, so I can improve container isolation at the kernel level without requiring container runtime daemons",core,Security engineer,Secure,main_job,Understand user namespace concepts | Have buildah-ns task available,Build images with standard buildah task | Configure user namespace annotations,Minimize impact of container escape vulnerabilities | Ensure kernel-level isolation between containers | Reduce privilege exposure through UID mapping,Using buildah-ns Tekton task,"Section 'Using buildah-ns Tekton task', lines 3700-3772. Abstract states: 'The buildah-ns Tekton task builds Open Container Initiative (OCI) images without requiring a container runtime daemon...uses buildah and applies user namespace isolation to provide enhanced security'",,
73,hub,Custom Tekton Hub instance,"When I need a catalog of reusable tasks and pipelines without user authentication requirements, I want to install Tekton Hub with default configuration, so I can quickly enable my team to discover and share CI/CD components.",core,Cluster administrator,Deploy,main_job,Install Red Hat OpenShift Pipelines Operator,Install Tekton Hub with login and rating | Update custom categories and catalogs,Minimize time to deploy a working Tekton Hub instance | Reduce complexity by avoiding authentication setup | Ensure catalog is available for task discovery,Installing Tekton Hub without login and rating,lines 114-196: Installing Tekton Hub without login and rating,Default installation mode for basic hub functionality without OAuth.,using-tekton-hub-with-openshift-pipelines-combined.adoc
74,hub,Custom Tekton Hub instance,"When I need to provide authenticated access and rating capabilities for Tekton Hub artifacts, I want to install Tekton Hub with OAuth integration, so I can enable user-driven quality feedback and access control.",core,Cluster administrator,Deploy,main_job,Install Red Hat OpenShift Pipelines Operator | Create OAuth application with Git hosting provider,Install Tekton Hub without login and rating | Add new users to Tekton Hub configuration,Ensure only authorized users can rate and contribute | Minimize security risks by enforcing authentication | Enable community-driven quality signals through ratings,Installing Tekton Hub with login and rating,lines 206-346: Installing Tekton Hub with login and rating,"Advanced installation mode requiring OAuth setup with GitHub, GitLab, or Bitbucket.",using-tekton-hub-with-openshift-pipelines-combined.adoc
75,hub,Custom Tekton Hub instance,"When I need production-grade database reliability for Tekton Hub, I want to replace the default PostgreSQL with a custom database, so I can leverage existing database infrastructure and meet enterprise requirements.",core,Cluster administrator,Configure,main_job,,Install Crunchy Postgres database | Migrate Tekton Hub data to external database,Ensure database meets enterprise backup and availability requirements | Reduce operational overhead by using managed database services | Maintain data persistence across Tekton Hub upgrades,Using a custom database in Tekton Hub,lines 355-442: Using a custom database in Tekton Hub,Supports associating custom database at install time or post-installation.,using-tekton-hub-with-openshift-pipelines-combined.adoc
76,hub,Custom Tekton Hub instance,"When I need a production-grade PostgreSQL database for Tekton Hub, I want to install and configure Crunchy Postgres Operator with appropriate network access, so I can provide reliable database services for the hub.",consumption,Cluster administrator,Deploy,main_job,Install Crunchy Postgres Operator from OperatorHub | Create Postgres instance,Use custom database in Tekton Hub | Migrate Tekton Hub data to Crunchy Postgres,Ensure database accepts connections from Tekton Hub pods | Minimize connectivity issues by configuring pg_hba.conf correctly | Provide scalable and reliable database backend,Installing Crunchy Postgres database and Tekton Hub,lines 451-611: Installing Crunchy Postgres database and Tekton Hub,Detailed procedure for configuring Crunchy Postgres network access and creating connection secret.,using-tekton-hub-with-openshift-pipelines-combined.adoc
77,hub,Custom Tekton Hub instance,"When I need to move from the default Tekton Hub database to an external Crunchy Postgres instance, I want to dump and restore the data, so I can migrate without losing existing catalog information, user ratings, or configuration.",consumption,Cluster administrator,Migrate,main_job,Have running Tekton Hub with default database | Have configured Crunchy Postgres instance | Install Crunchy Postgres with network access configured,Install Crunchy Postgres database | Use custom database in Tekton Hub,Ensure zero data loss during migration | Minimize downtime for Tekton Hub users | Validate all data is restored correctly before cutover,Migrating Tekton Hub data to an existing Crunchy Postgres database,lines 620-820: Migrating Tekton Hub data to an existing Crunchy Postgres database,Multi-step migration using pg_dump and pg_restore with pod file copying.,using-tekton-hub-with-openshift-pipelines-combined.adoc
78,hub,Custom Tekton Hub instance,"When I need to align Tekton Hub with my organization's taxonomy and approved task catalogs, I want to customize categories, catalogs, scopes, and default scopes in the TektonHub CR, so I can provide a tailored experience for my users.",core,Cluster administrator,Configure,main_job,Have Tekton Hub installed,Modify catalog refresh interval | Add new users with custom scopes,Ensure users see only organization-relevant categories | Minimize confusion by removing irrelevant public catalog entries | Provide organization-specific task collections,Updating Tekton Hub with custom categories and catalogs,lines 829-864: Updating Tekton Hub with custom categories and catalogs,Overrides default config map values when specified in TektonHub CR.,using-tekton-hub-with-openshift-pipelines-combined.adoc
79,hub,Custom Tekton Hub instance,"When I need to control how frequently Tekton Hub updates task catalogs from upstream repositories, I want to modify the catalog refresh interval, so I can balance catalog freshness with system load.",core,Cluster administrator,Configure,main_job,Have Tekton Hub installed,Update custom categories and catalogs,Ensure catalog updates happen at appropriate intervals | Minimize unnecessary network and processing overhead | Reduce staleness of catalog data,Modifying the catalog refresh interval of Tekton Hub,lines 873-916: Modifying the catalog refresh interval of Tekton Hub,"Default interval is 30 minutes; supports seconds, minutes, hours, days, weeks.",using-tekton-hub-with-openshift-pipelines-combined.adoc
80,hub,Custom Tekton Hub instance,"When I need to grant specific users administrative capabilities in Tekton Hub, I want to add users with custom scopes like agent:create or catalog:refresh, so I can delegate catalog management responsibilities.",core,Cluster administrator,Administer,main_job,Have Tekton Hub installed with OAuth authentication | Have usernames from Git repository hosting provider,Install Tekton Hub with login and rating | Refresh Tekton Hub configuration,Ensure new users have appropriate permissions upon first login | Minimize security risks by assigning least-privilege scopes | Enable delegated catalog administration,Adding new users in Tekton Hub configuration,lines 925-990: Adding new users in Tekton Hub configuration,New users get only default scopes until added to scopes field in TektonHub CR.,using-tekton-hub-with-openshift-pipelines-combined.adoc
81,hub,Custom Tekton Hub instance,"When I upgrade OpenShift Pipelines Operator from 1.7 to 1.8, I want to disable login authorization and ratings in Tekton Hub, so I can align with the new default behavior without authentication.",consumption,Cluster administrator,Upgrade,main_job,Upgraded OpenShift Pipelines Operator from 1.7 to 1.8 | Have existing Tekton Hub instance from 1.7,Install Tekton Hub without login and rating,Remove authentication requirements after upgrade | Ensure Tekton Hub reaches Ready state after changes | Minimize user confusion by aligning with 1.8 defaults,Disabling Tekton Hub authorization after upgrading from 1.7 to 1.8,lines 998-1080: Disabling Tekton Hub authorization after upgrade from 1.7 to 1.8,Manual cleanup required because upgrade does not automatically disable auth.,using-tekton-hub-with-openshift-pipelines-combined.adoc
82,tkn_cli,Pipelines CLI (tkn) reference,"When I need to manage OpenShift Pipelines from a terminal, I want to install the tkn CLI tool on my platform, so I can interact with pipelines using command-line operations",core,OpenShift Pipelines user,Get Started,main_job,,Verify tkn CLI installation | Configure tkn CLI for cluster access | Execute pipeline operations using tkn,tkn CLI installed on local system | tkn command available in PATH | Ability to execute tkn commands from terminal,Installing tkn,"tkn_cli-combined.adoc -> Installing tkn, lines 58-66",Main job covering the overall installation goal across all platforms,tkn_cli-combined.adoc
83,tkn_cli,Pipelines CLI (tkn) reference,"When I need to work more efficiently with the tkn CLI, I want to configure the CLI environment with tab completion and customizations, so I can execute commands faster and with fewer errors",core,CLI user,Configure,main_job,tkn CLI installed,Install tkn CLI | Use tkn commands,CLI is configured for optimal usage | Tab completion is enabled | Command execution is more efficient,Configuring the {pipelines-shortname} tkn CLI,"tkn_cli-combined.adoc -> Configuring the {pipelines-shortname} tkn CLI, lines 310-363",Main job covering the entire configuration section,tkn_cli-combined.adoc
84,tkn_cli,Pipelines CLI (tkn) reference,"When I need to set up the tkn CLI for the first time, I want to verify the installation and check available commands, so I can confirm the tool is working correctly",core,Pipeline operator,Get Started,main_job,tkn CLI installed,Enable shell completion | Check CLI version,Confirm tkn is installed and accessible | Understand available tkn commands | Verify correct version is installed,Utility commands,"tkn_cli-combined.adoc -> Utility commands, lines 400-431",Foundational job for CLI usage,tkn_cli-combined.adoc
85,tkn_cli,Pipelines CLI (tkn) reference,"When I am managing CI/CD workflows, I want to manage pipelines from the command line, so I can create, monitor, and control pipeline resources without using the web console",core,Pipeline operator,Operate,main_job,tkn CLI installed | OpenShift Pipelines installed | Cluster access configured,Manage pipeline runs | Manage tasks | Monitor pipeline execution,Create and deploy pipelines | List and inspect pipeline configurations | Start pipeline executions | Delete obsolete pipelines | View pipeline execution logs,Pipelines management commands,"tkn_cli-combined.adoc -> Pipelines management commands, lines 442-502",Core operational job for pipeline lifecycle management,tkn_cli-combined.adoc
86,tkn_cli,Pipelines CLI (tkn) reference,"When I am operating CI/CD pipelines, I want to manage pipeline runs from the command line, so I can monitor, control, and clean up pipeline executions",core,Pipeline operator,Operate,main_job,tkn CLI installed | Access to pipeline runs,Manage pipelines | View logs | Monitor execution,List active and completed runs | Inspect run details and status | Cancel running executions | Delete old or failed runs | View execution logs,Pipeline run commands,"tkn_cli-combined.adoc -> Pipeline run commands, lines 512-590",Pipeline runs are execution instances of pipeline definitions,tkn_cli-combined.adoc
87,tkn_cli,Pipelines CLI (tkn) reference,"When I am building reusable CI/CD components, I want to manage tasks from the command line, so I can create, organize, and maintain task definitions",core,Pipeline developer,Operate,main_job,tkn CLI installed | Access to namespace | Understanding of task concepts,Manage pipelines | Manage task runs | Test tasks,Create and deploy task definitions | List available tasks | Inspect task specifications | Execute tasks for testing | Remove obsolete tasks,Task management commands,"tkn_cli-combined.adoc -> Task management commands, lines 600-650",Tasks are reusable units of work within pipelines,tkn_cli-combined.adoc
88,tkn_cli,Pipelines CLI (tkn) reference,"When I am testing and troubleshooting tasks, I want to manage task runs from the command line, so I can monitor individual task executions and clean up test runs",core,Pipeline developer,Operate,main_job,tkn CLI installed | Access to task runs,Manage tasks | Monitor task execution | Debug failures,List task executions | Inspect run details | Cancel running tasks | Delete old test runs | View execution logs,Task run commands,"tkn_cli-combined.adoc -> Task run commands, lines 661-729",Task runs are execution instances of task definitions,tkn_cli-combined.adoc
89,tkn_cli,Pipelines CLI (tkn) reference,"When I need to configure pipeline inputs and outputs, I want to manage pipeline resources from the command line, so I can create and maintain resource definitions for my pipelines",core,Pipeline operator,Configure,main_job,tkn CLI installed | Understanding of resource types | Access to namespace,Manage pipelines | Configure workspaces,Create pipeline resources | List available resources | Inspect resource configurations | Update resource definitions | Delete obsolete resources,Pipeline resource management commands,"tkn_cli-combined.adoc -> Pipeline resource management commands, lines 739-791","Pipeline resources define inputs/outputs like git repos, images, storage",tkn_cli-combined.adoc
90,tkn_cli,Pipelines CLI (tkn) reference,"When I am implementing event-driven CI/CD, I want to manage trigger resources from the command line, so I can configure automated pipeline execution based on external events",core,DevOps engineer,Configure,main_job,tkn CLI installed | Tekton Triggers installed | Understanding of trigger concepts,Manage pipelines | Configure webhooks | Monitor events,Create and configure event listeners | Define trigger bindings for event data | Set up trigger templates | Manage cluster-level triggers | Enable webhook-based automation,Trigger management commands,"tkn_cli-combined.adoc -> Trigger management commands, lines 801-953","Covers EventListener, TriggerBinding, TriggerTemplate, ClusterTriggerBinding",tkn_cli-combined.adoc
91,tkn_cli,Pipelines CLI (tkn) reference,"When I am building pipelines, I want to discover and install tasks from Tekton Hub, so I can reuse community-maintained tasks instead of building everything from scratch",core,Pipeline developer,Get Started,main_job,tkn CLI installed | Internet access to Tekton Hub | Understanding of task concepts,Manage tasks | Build pipelines | Share tasks,Search for reusable tasks | Install tasks from catalog | View task documentation | Upgrade installed tasks | Manage task versions,Hub interaction commands,"tkn_cli-combined.adoc -> Hub interaction commands, lines 963-1050",Hub provides catalog of reusable Tekton resources,tkn_cli-combined.adoc
