"doc","section","job_statement","job_type","persona","job_map_stage","granularity","parent_job","prerequisites","related_jobs","desired_outcomes","evidence","notes","validation_status"
"creating-applications-with-cicd-pipelines.adoc","Prerequisites","When starting a CI/CD pipeline project, I want to ensure my OpenShift cluster has the necessary components installed, so I can build pipelines without encountering environment issues.","core","Developer","Prepare","main_job",,"","Create project and verify service accounts; Create reusable pipeline tasks","Minimize time required to verify prerequisites; Reduce likelihood of pipeline failures due to missing dependencies; Ensure proper access permissions are in place","creating-applications-with-cicd-pipelines.adoc -> Prerequisites, lines 81-87","Foundation job - must be completed before any pipeline development","pass"
"doc","section","job_statement","job_type","persona","job_map_stage","granularity","parent_job","prerequisites","related_jobs","desired_outcomes","evidence","notes","validation_status"
"creating-applications-with-cicd-pipelines.adoc","Creating a project and checking your pipeline service account","When preparing to run pipelines, I want to create a dedicated project and verify the pipeline service account exists, so I can ensure proper isolation and permissions for my CI/CD workflows.","core","Developer","Prepare","main_job",,"Ensure my OpenShift cluster has the necessary components installed","Create reusable pipeline tasks; Assemble a pipeline","Minimize time to set up project namespace; Ensure service account has sufficient permissions to build and push images; Avoid permission-related pipeline failures","creating-applications-with-cicd-pipelines.adoc -> Creating a project and checking your pipeline service account, lines 96-127","Service account 'pipeline' is automatically configured by the Pipelines Operator with necessary permissions","pass"
"doc","section","job_statement","job_type","persona","job_map_stage","granularity","parent_job","prerequisites","related_jobs","desired_outcomes","evidence","notes","validation_status"
"creating-applications-with-cicd-pipelines.adoc","Creating pipeline tasks","When building a CI/CD pipeline, I want to install reusable tasks from existing repositories, so I can avoid reinventing the wheel and leverage proven pipeline components.","core","Developer","Prepare","main_job",,"Create a dedicated project and verify the pipeline service account exists","Assemble a pipeline; Run a pipeline","Minimize time to create pipeline building blocks; Maximize reusability of pipeline components; Ensure tasks are production-tested and reliable","creating-applications-with-cicd-pipelines.adoc -> Creating pipeline tasks, lines 136-168","Tasks like apply-manifests and update-deployment are installed from pipelines-tutorial repository","pass"
"doc","section","job_statement","job_type","persona","job_map_stage","granularity","parent_job","prerequisites","related_jobs","desired_outcomes","evidence","notes","validation_status"
"creating-applications-with-cicd-pipelines.adoc","Assembling a pipeline","When creating a CI/CD workflow, I want to assemble pipeline tasks into an executable flow with defined dependencies and workspaces, so I can automate the build and deployment process for my application.","core","Developer","Configure","main_job",,"Install reusable tasks from existing repositories; Create a dedicated project and verify the pipeline service account exists","Mirror images for restricted environments; Run a pipeline","Minimize complexity of pipeline definition; Ensure proper task execution order; Maximize pipeline reusability across applications; Reduce time to define CI/CD workflows","creating-applications-with-cicd-pipelines.adoc -> Assembling a pipeline, lines 177-309","Pipeline uses git-clone, buildah, apply-manifests, and update-deployment tasks with runAfter dependencies","pass"
"doc","section","job_statement","job_type","persona","job_map_stage","granularity","parent_job","prerequisites","related_jobs","desired_outcomes","evidence","notes","validation_status"
"creating-applications-with-cicd-pipelines.adoc","Mirroring images to run pipelines in a restricted environment","When deploying pipelines in a disconnected or restricted cluster, I want to mirror required builder images to a private registry, so I can run pipelines without external internet access.","core","Platform administrator","Configure","main_job",,"Assemble pipeline tasks into an executable flow with defined dependencies and workspaces","Run a pipeline","Ensure pipelines work in air-gapped environments; Minimize dependency on external registries; Reduce risk of image pull failures in production","creating-applications-with-cicd-pipelines.adoc -> Mirroring images to run pipelines in a restricted environment, lines 319-521","Covers mirroring python, golang, and cli builder images for front-end, back-end, and CLI components","pass"
"doc","section","job_statement","job_type","persona","job_map_stage","granularity","parent_job","prerequisites","related_jobs","desired_outcomes","evidence","notes","validation_status"
"creating-applications-with-cicd-pipelines.adoc","Running a pipeline","When ready to build and deploy my application, I want to start a pipeline run with specific parameters and track its progress, so I can see my code move from source to deployed application.","core","Developer","Execute","main_job",,"Assemble pipeline tasks into an executable flow with defined dependencies and workspaces","Add triggers to automate pipeline execution; Monitor event listener metrics","Minimize time from code commit to deployment; Ensure pipeline execution is observable and trackable; Reduce manual intervention in build and deploy process; Verify successful deployment before releasing","creating-applications-with-cicd-pipelines.adoc -> Running a pipeline, lines 538-621","Creates PipelineRun for both front-end and back-end applications with workspace storage configuration","pass"
"doc","section","job_statement","job_type","persona","job_map_stage","granularity","parent_job","prerequisites","related_jobs","desired_outcomes","evidence","notes","validation_status"
"creating-applications-with-cicd-pipelines.adoc","Adding triggers to a pipeline","When automating CI/CD workflows, I want to configure triggers that respond to GitHub events, so I can automatically build and deploy my application when code changes occur.","core","Developer","Configure","main_job",,"Start a pipeline run with specific parameters and track its progress","Configure event listeners for multiple namespaces; Create webhooks in Git repositories; Trigger pipeline runs from Git events","Minimize manual pipeline triggering; Ensure pipelines respond automatically to code changes; Reduce time between code commit and deployment; Maximize automation of CI/CD workflows","creating-applications-with-cicd-pipelines.adoc -> Adding triggers to a pipeline, lines 636-871","Creates TriggerBinding, TriggerTemplate, Trigger, and EventListener resources with HTTPS or HTTP routes","pass"
"doc","section","job_statement","job_type","persona","job_map_stage","granularity","parent_job","prerequisites","related_jobs","desired_outcomes","evidence","notes","validation_status"
"creating-applications-with-cicd-pipelines.adoc","Configuring event listeners to serve many namespaces","When managing pipelines across multiple teams or projects, I want to configure event listeners as multitenant resources serving many namespaces, so I can maximize reusability and reduce operational overhead.","related","Cluster administrator","Configure","user_story","Configure triggers that respond to GitHub events","Configure triggers that respond to GitHub events","Create webhooks in Git repositories","Minimize duplication of event listener resources; Ensure consistent trigger behavior across namespaces; Reduce cluster resource consumption; Simplify event listener management at scale","creating-applications-with-cicd-pipelines.adoc -> Configuring event listeners to serve many namespaces, lines 880-1027","Optional configuration for organizations with many namespaces; uses ClusterRole and ClusterRoleBinding","pass"
"doc","section","job_statement","job_type","persona","job_map_stage","granularity","parent_job","prerequisites","related_jobs","desired_outcomes","evidence","notes","validation_status"
"creating-applications-with-cicd-pipelines.adoc","Creating webhooks","When connecting Git repositories to pipelines, I want to configure webhook URLs pointing to EventListener routes, so I can receive notifications when repository events occur.","core","Developer","Configure","main_job",,"Configure triggers that respond to GitHub events","Trigger pipeline runs from Git events; Monitor event listener metrics","Minimize delay between code push and pipeline trigger; Ensure reliable event delivery from Git repository; Reduce failed webhook deliveries; Verify webhook configuration is correct","creating-applications-with-cicd-pipelines.adoc -> Creating webhooks, lines 1037-1085","Requires administrative access to Git repositories; supports both HTTPS and HTTP connections","pass"
"doc","section","job_statement","job_type","persona","job_map_stage","granularity","parent_job","prerequisites","related_jobs","desired_outcomes","evidence","notes","validation_status"
"creating-applications-with-cicd-pipelines.adoc","Triggering a pipeline run","When validating my CI/CD automation, I want to push a code change and verify it triggers a pipeline run, so I can confirm my webhooks and triggers are working correctly.","core","Developer","Execute","main_job",,"Configure webhook URLs pointing to EventListener routes","Monitor event listener metrics; Filter and validate pull requests","Minimize time to validate end-to-end automation; Ensure webhook payload is correctly processed; Verify pipeline runs are automatically created; Confirm application is rebuilt and redeployed","creating-applications-with-cicd-pipelines.adoc -> Triggering a pipeline run, lines 1093-1125","Uses empty commit to test webhook without actual code changes","pass"
"doc","section","job_statement","job_type","persona","job_map_stage","granularity","parent_job","prerequisites","related_jobs","desired_outcomes","evidence","notes","validation_status"
"creating-applications-with-cicd-pipelines.adoc","Enabling monitoring of event listeners for Triggers for user-defined projects","When operating CI/CD pipelines in production, I want to monitor event listener metrics and performance, so I can track webhook delivery, event processing, and resource creation.","core","Cluster administrator","Monitor","main_job",,"Configure triggers that respond to GitHub events; Enable monitoring for user-defined projects","Push a code change and verify it triggers a pipeline run","Minimize mean time to detect event listener issues; Ensure visibility into webhook processing performance; Reduce troubleshooting time for failed triggers; Measure event listener HTTP request duration and count","creating-applications-with-cicd-pipelines.adoc -> Enabling monitoring of event listeners for Triggers for user-defined projects, lines 1133-1187","Provides metrics: eventlistener_http_duration_seconds, eventlistener_event_count, eventlistener_triggered_resources","pass"
"doc","section","job_statement","job_type","persona","job_map_stage","granularity","parent_job","prerequisites","related_jobs","desired_outcomes","evidence","notes","validation_status"
"creating-applications-with-cicd-pipelines.adoc","Configuring pull request capabilities in GitHub Interceptor","When managing pull request workflows, I want to understand how GitHub Interceptor can filter and validate PR events, so I can implement selective pipeline execution based on changed files and repository ownership.","core","Developer","Configure","main_job",,"Configure triggers that respond to GitHub events","Filter pull requests based on changed files; Validate pull requests using repository owners","Understand GitHub Interceptor capabilities; Minimize unnecessary pipeline runs for irrelevant changes; Ensure only authorized users can trigger pipelines via pull requests","creating-applications-with-cicd-pipelines.adoc -> Configuring pull request capabilities in GitHub Interceptor, lines 1200-1212","Concept section introducing filtering and validation capabilities","pass"
"doc","section","job_statement","job_type","persona","job_map_stage","granularity","parent_job","prerequisites","related_jobs","desired_outcomes","evidence","notes","validation_status"
"creating-applications-with-cicd-pipelines.adoc","Filtering pull requests using GitHub Interceptor","When optimizing pipeline efficiency, I want to filter GitHub push and pull request events based on changed files, so I can run pipelines only when relevant code paths are modified.","related","Developer","Configure","user_story","Understand how GitHub Interceptor can filter and validate PR events","Understand how GitHub Interceptor can filter and validate PR events","Validate pull requests using repository owners","Minimize pipeline runs for documentation-only changes; Reduce compute resource consumption; Ensure pipelines run only for relevant file changes; Optimize CI/CD cost efficiency","creating-applications-with-cicd-pipelines.adoc -> Filtering pull requests using GitHub Interceptor, lines 1220-1308","Uses CEL Interceptor with changed_files property; supports both public and private repositories","pass"
"doc","section","job_statement","job_type","persona","job_map_stage","granularity","parent_job","prerequisites","related_jobs","desired_outcomes","evidence","notes","validation_status"
"creating-applications-with-cicd-pipelines.adoc","Validating pull requests using GitHub Interceptors","When securing pipeline execution, I want to validate pull requests based on GitHub repository ownership before triggering pipeline runs, so I can prevent unauthorized or malicious code execution in my CI/CD environment.","related","Developer","Secure","user_story","Understand how GitHub Interceptor can filter and validate PR events","Understand how GitHub Interceptor can filter and validate PR events; Configure OWNERS file in repository root","Filter pull requests based on changed files","Minimize risk of malicious pipeline execution; Ensure only repository owners or approved users trigger pipelines; Reduce unauthorized resource consumption; Prevent supply chain attacks via pull request triggers","creating-applications-with-cicd-pipelines.adoc -> Validating pull requests using GitHub Interceptors, lines 1316-1409","Uses OWNERS file with approvers; requires /ok-to-test comment from owner for external contributors","pass"
