doc_id,book,doc,section,line_start,line_end,job_statement,job_type,persona,job_map_stage,granularity,parent_job,prerequisites,related_jobs,desired_outcomes,evidence
secure-001,secure,secure-combined.adoc,Using Tekton Chains for OpenShift Pipelines supply chain security,58,78,"When I need to ensure supply chain security for my CI/CD pipelines, I want to automatically sign and verify task runs and pipeline runs, so I can prove the integrity and provenance of my software artifacts.",core,Security engineer,Secure,main_job,,,Configure Tekton Chains; Authenticate to OCI registry; Generate signing keys,Minimize risk of supply chain attacks; Ensure cryptographic proof of artifact integrity; Enable compliance with security policies; Reduce manual verification effort,"secure-combined.adoc -> 'Using Tekton Chains for OpenShift Pipelines supply chain security', lines 58-78. Key quote: 'You can use it to manage the supply chain security of the tasks and pipelines created using {pipelines-title}. By default, {tekton-chains} observes all task run executions... takes a snapshot... converts the snapshot to one or more standard payload formats, and finally signs and stores all artifacts.'"
secure-002,secure,secure-combined.adoc,Configuring Tekton Chains,85,112,"When I need to customize Tekton Chains behavior for my organization, I want to modify configuration parameters via the TektonConfig custom resource, so I can control artifact formats, storage backends, and signing methods.",core,Cluster administrator,Configure,main_job,,Install OpenShift Pipelines Operator,Configure storage backends; Configure signing schemes; Set transparency options,Minimize configuration complexity; Ensure configuration changes apply automatically; Reduce likelihood of misconfiguration; Enable standardized security controls across namespaces,"secure-combined.adoc -> 'Configuring Tekton Chains', lines 85-112. Key quote: 'The {pipelines-title} Operator installs {tekton-chains} by default. You can configure {tekton-chains} by modifying the TektonConfig custom resource; the Operator automatically applies the changes that you make in this custom resource.'"
secure-003,secure,secure-combined.adoc,Configuring Tekton Chains,85,112,"As a cluster administrator, when I need to modify Tekton Chains configuration, I want to edit the TektonConfig custom resource via oc edit command, so I can apply changes without manual pod restarts.",core,Cluster administrator,Configure,user_story,Customize Tekton Chains behavior for my organization,Have cluster-admin privileges; Have oc CLI installed,,Complete configuration changes in under 5 minutes; Avoid manual intervention for applying changes,"secure-combined.adoc -> 'Configuring Tekton Chains', lines 91-96. Key quote: 'To edit the custom resource, use the following command: $ oc edit TektonConfig config'"
secure-004,secure,secure-combined.adoc,Supported parameters for Tekton Chains configuration - task run artifacts,122,155,"When I need to control how task run signatures are stored, I want to configure artifact format, storage backend, and signature backend parameters, so I can align with my organization's security and storage policies.",core,Security engineer,Configure,user_story,Customize Tekton Chains behavior for my organization,"Understand in-toto and SLSA formats; Know available storage backends (tekton, oci, gcs, docdb, grafeas)",Configure pipeline run artifacts; Configure OCI artifacts,Ensure task run artifacts comply with SLSA specification; Reduce storage costs by selecting appropriate backend; Minimize integration effort with existing security infrastructure,"secure-combined.adoc -> 'Supported parameters for task run artifacts', lines 122-155. Key quote: 'artifacts.taskrun.format: The format for storing task run payloads (in-toto, slsa/v1). artifacts.taskrun.storage: The storage backend for task run signatures (tekton, oci, gcs, docdb, grafeas). artifacts.taskrun.signer: The signature backend (x509, kms).'"
secure-005,secure,secure-combined.adoc,Supported parameters for Tekton Chains configuration - pipeline run artifacts,157,190,"When I need to record provenance for pipeline runs including child task runs, I want to enable deep inspection mode, so I can capture complete execution details for audit and compliance.",core,Security engineer,Configure,user_story,Customize Tekton Chains behavior for my organization,Configure pipeline run storage backend,Configure task run artifacts,Ensure complete provenance capture for complex pipelines; Reduce audit effort by having full execution history; Minimize risk of missing critical execution data,"secure-combined.adoc -> 'Supported parameters for pipeline run artifacts', lines 157-184. Key quote: 'artifacts.pipelinerun.enable-deep-inspection: When this parameter is true, {tekton-chains} records the results of the child task runs of a pipeline run. When this parameter is false, {tekton-chains} records the results of the pipeline run, but not of its child task runs.'"
secure-006,secure,secure-combined.adoc,Supported parameters for KMS signers,217,230,"When I need enterprise-grade key management for signing, I want to configure KMS integration with cloud providers, so I can leverage centralized key rotation and auditing capabilities.",core,Platform engineer,Secure,user_story,Customize Tekton Chains behavior for my organization,"Have KMS service configured (GCP KMS, AWS KMS, Azure KMS, or HashiVault); Know KMS URI reference format",Configure KMS authentication; Create KMS authentication token secret,Ensure centralized key management; Enable automated key rotation; Reduce risk of key exposure; Minimize manual key management effort,"secure-combined.adoc -> 'Supported parameters for KMS signers', lines 217-230. Key quote: 'signers.kms.kmsref: The URI reference to a KMS service to use in kms signers. Supported schemes: gcpkms://, awskms://, azurekms://, hashivault://.'"
secure-007,secure,secure-combined.adoc,Creating and mounting the Mongo server URL secret,455,509,"When I need to use MongoDB for docdb storage, I want to securely mount the MongoDB server URL as a secret, so I can avoid exposing credentials in plain text configuration.",core,Platform engineer,Secure,user_story,Customize Tekton Chains behavior for my organization,Have MongoDB server configured; Have cluster-admin privileges for openshift-pipelines namespace,Configure docdb storage parameters,Ensure MongoDB credentials are not exposed in configuration; Minimize security risks from credential leakage; Enable secure production deployments,"secure-combined.adoc -> 'Creating and mounting the Mongo server URL secret', lines 455-509. Key quote: 'You can give the value of the Mongo server URL to use for docdb storage (MONGO_SERVER_URL) using a secret... For production environments, providing authentication information as plain text configuration might be insecure.'"
secure-008,secure,secure-combined.adoc,Creating and mounting the KMS authentication token secret,517,574,"When I need to authenticate to a KMS provider like HashiVault, I want to mount the authentication token as a Kubernetes secret, so I can avoid exposing the VAULT_TOKEN in plain text configuration.",core,Platform engineer,Secure,user_story,Leverage enterprise-grade key management for signing,"Have KMS provider configured (e.g., HashiVault); Have KMS authentication token file; Have cluster-admin privileges",Configure KMS signer parameters,Ensure KMS authentication credentials are protected; Minimize risk of token exposure; Enable secure key management integration,"secure-combined.adoc -> 'Creating and mounting the KMS authentication token secret', lines 517-574. Key quote: 'You can give the authentication token for the Key Management Service (KMS) server by using a secret... You must create this secret, mount it on the {tekton-chains} controller, and set the signers.kms.auth.token-path parameter to the full path name of the authentication token file.'"
secure-009,secure,secure-combined.adoc,Enabling Tekton Chains to operate only in selected namespaces,582,621,"When I need granular control over which namespaces use Tekton Chains, I want to configure namespace filtering via the --namespace argument, so I can limit signing overhead and scope security controls.",core,Cluster administrator,Configure,user_story,Customize Tekton Chains behavior for my organization,Have cluster-admin privileges,,Reduce resource consumption by limiting watched namespaces; Ensure security controls apply only where needed; Minimize blast radius of misconfiguration,"secure-combined.adoc -> 'Enabling Tekton Chains to operate only in selected namespaces', lines 582-621. Key quote: 'By default, the {tekton-chains} controller monitors resources in all namespaces. You can customize {tekton-chains} to run only in specific namespaces, which provides granular control over its operation... add the --namespace= argument to contain the namespaces that the controller should watch.'"
secure-010,secure,secure-combined.adoc,Secrets for signing data in Tekton Chains,631,656,"When I need to sign task runs and pipeline runs, I want to generate and store cryptographic keys in Kubernetes secrets, so I can enable Tekton Chains to sign artifacts automatically.",core,Security engineer,Secure,main_job,,Have openshift-pipelines namespace access,Choose signing scheme (x509 or cosign); Generate cosign key pair; Generate x509 key pair,"Minimize time to generate signing keys; Ensure keys meet security requirements (encryption, key type); Reduce risk of key compromise; Enable automated signing without manual key management","secure-combined.adoc -> 'Secrets for signing data in Tekton Chains', lines 631-656. Key quote: 'Cluster administrators can generate a key pair and use {tekton-chains} to sign artifacts by using a Kubernetes secret. For {tekton-chains} to work, a private key and a password for encrypted keys must exist as part of the signing-secrets secret in the openshift-pipelines namespace.'"
secure-011,secure,secure-combined.adoc,Generating the cosign key pair using the TektonConfig CR,664,731,"As a cluster administrator, when I need to quickly generate cosign signing keys, I want to set generateSigningSecret to true in the TektonConfig CR, so I can automatically provision ECDSA key pairs without manual cosign commands.",core,Cluster administrator,Configure,user_story,Generate and store cryptographic keys for signing,Have cluster-admin privileges; Have TektonConfig access,Extract public key for verification,Complete key generation in under 2 minutes; Avoid manual cosign CLI usage; Ensure keys are stored in correct secret location,"secure-combined.adoc -> 'Generating the cosign key pair using the TektonConfig CR', lines 664-731. Key quote: 'To use the cosign signing scheme for {tekton-chains} secrets, you can generate a cosign key pair that uses Elliptic Curve Digital Signature Algorithm (ECDSA) encryption by setting the generateSigningSecret field in the TektonConfig custom resource (CR) to true... The {pipelines-shortname} Operator generates an ecdsa type cosign key pair and stores it in the signing-secrets secret.'"
secure-012,secure,secure-combined.adoc,Manually generating signing secrets with the cosign tool,738,762,"As a security engineer, when I need full control over cosign key generation, I want to manually generate keys using the cosign CLI tool, so I can use custom encryption parameters and key storage options.",core,Security engineer,Secure,user_story,Generate and store cryptographic keys for signing,Have cosign tool installed; Have access to openshift-pipelines namespace,,Ensure maximum control over key generation parameters; Enable custom passphrase selection; Minimize dependency on operator-generated keys,"secure-combined.adoc -> 'Manually generating signing secrets with the cosign tool', lines 738-762. Key quote: 'You can use the cosign signing scheme with {tekton-chains} using the cosign tool... Generate the cosign.key and cosign.pub key pairs by running the following command: $ cosign generate-key-pair k8s://openshift-pipelines/signing-secrets'"
secure-013,secure,secure-combined.adoc,Manually generating signing secrets with the skopeo tool,770,853,"As a security engineer, when I prefer using skopeo for key generation, I want to generate sigstore-compatible keys with skopeo and manually encode them for Kubernetes secrets, so I can integrate with existing skopeo-based workflows.",core,Security engineer,Secure,user_story,Generate and store cryptographic keys for signing,Have skopeo package installed on Linux; Have base64 encoding tools; Have oc CLI access,,Enable skopeo-based key generation workflow; Ensure keys are compatible with cosign signing scheme; Minimize migration effort from existing skopeo usage,"secure-combined.adoc -> 'Manually generating signing secrets with the skopeo tool', lines 770-853. Key quote: 'You can generate keys by using the skopeo tool and use them in the cosign signing scheme with {tekton-chains}... Generate a public/private key pair by running the following command: $ skopeo generate-sigstore-key --output-prefix <mykey>'"
secure-014,secure,secure-combined.adoc,Resolving the 'secret already exists' error,860,887,"When I encounter a secret already exists error while creating signing secrets, I want to delete the existing secret and recreate it, so I can resolve the conflict and proceed with key generation.",related,Cluster administrator,Troubleshoot,user_story,Generate and store cryptographic keys for signing,,,Minimize time to resolve secret conflict; Ensure clean secret state before regeneration,"secure-combined.adoc -> 'Resolving the secret already exists error', lines 860-887. Key quote: 'If the signing-secret secret is already populated, the command to create this secret might output the following error message: Error from server (AlreadyExists): secrets signing-secrets already exists. You can resolve this error by deleting the secret.'"
secure-015,secure,secure-combined.adoc,Authenticating to an OCI registry,897,965,"When I need to push signatures to an OCI registry, I want to configure service account credentials with registry authentication, so I can enable Tekton Chains to store signed artifacts in the registry.",core,Platform engineer,Configure,main_job,,Have OCI registry accessible; Have Docker config credentials,Create custom service account; Patch service account with imagePullSecrets,Minimize authentication failures when pushing signatures; Ensure credentials are securely stored; Reduce manual credential management effort; Enable automated signature storage,"secure-combined.adoc -> 'Authenticating to an OCI registry', lines 897-965. Key quote: 'Set up a service account with the necessary credentials so that {tekton-chains} can push signatures to an OCI registry. The {tekton-chains} controller uses the same service account that starts task runs. To configure authentication with an OCI registry, create the required credentials and associate them with this service account.'"
secure-016,secure,secure-combined.adoc,Authenticating to an OCI registry,897,965,"As a platform engineer, when I need to avoid pod timeouts caused by default service account, I want to create a custom service account with appropriate SCC, so I can ensure stable pipeline and task run execution.",core,Platform engineer,Configure,user_story,Configure service account credentials for OCI registry authentication,Have namespace created; Have dockerconfigjson file,Configure security context for pods,Eliminate pod timeout issues; Ensure service account has correct permissions; Minimize disruption from operator upgrades,"secure-combined.adoc -> 'Authenticating to an OCI registry', lines 938-964. Key quote: 'If you patch the default pipeline service account that {pipelines-title} assigns to all task runs, the {pipelines-title} Operator will override the service account. As a best practice, you can perform the following steps: Create a separate service account to assign to users task runs.'"
secure-017,secure,secure-combined.adoc,Creating and verifying task run signatures without any additional authentication,973,1082,"When I need to verify the complete signing workflow, I want to create a task run, retrieve its signature, and verify it with the public key, so I can ensure Tekton Chains is correctly signing artifacts.",core,Security engineer,Secure,main_job,,Have Tekton Chains configured; Have signing keys generated; Have cosign installed,Configure Tekton Chains storage backend; Extract task run signature; Verify signature with cosign,Minimize time to validate signing workflow; Ensure signatures are cryptographically valid; Reduce risk of signing misconfiguration; Enable confidence in supply chain security,"secure-combined.adoc -> 'Creating and verifying task run signatures without any additional authentication', lines 973-1082. Key quote: 'To verify signatures of task runs by using {tekton-chains} with any additional authentication, perform the following tasks: Generate an encrypted x509 or cosign key pair... Configure the {tekton-chains} backend storage... Create a task run, sign it, and store the signature... Retrieve the signature and payload... Verify the signature of the task run.'"
secure-018,secure,secure-combined.adoc,Creating and verifying task run signatures without any additional authentication,996,1013,"As a security engineer, when I need to store signatures as annotations on task runs, I want to disable OCI storage and set task run format to tekton, so I can retrieve signatures directly from TaskRun objects.",core,Security engineer,Configure,user_story,Verify the complete signing workflow,Have TektonConfig access,,Ensure signatures are accessible via Kubernetes API; Minimize external storage dependencies; Enable quick signature retrieval for testing,"secure-combined.adoc -> 'Creating and verifying task run signatures without any additional authentication', lines 996-1013. Key quote: 'In the {tekton-chains} configuration, disable the Open Container Initiative (OCI) storage, and set the task run storage and format to tekton... artifacts.oci.storage: """", artifacts.taskrun.format: tekton, artifacts.taskrun.storage: tekton'"
secure-019,secure,secure-combined.adoc,Using Tekton Chains to sign and verify image and provenance,1096,1237,"When I need to prove image integrity and provenance for compliance, I want to sign OCI images and their provenance attestations, so I can enable cryptographic verification of the entire build process.",core,Security engineer,Secure,main_job,,Have Tekton Chains configured; Have signing keys generated; Have OCI registry authentication configured,Configure Kaniko task for image building; Push signatures to OCI registry; Search Rekor transparency log,Ensure end-to-end build provenance is signed; Minimize risk of unsigned images in production; Enable tamper-proof audit trail; Reduce compliance audit effort,"secure-combined.adoc -> 'Using Tekton Chains to sign and verify image and provenance', lines 1096-1237. Key quote: 'Cluster administrators can use {tekton-chains} to sign and verify images and provenances, by performing the following tasks: Generate an encrypted x509 or cosign key pair... Set up authentication for the OCI registry to store images, image signatures, and signed image attestations... Configure {tekton-chains} to generate and sign provenance... Create an image with Kaniko in a task run... Verify the signed image and the signed provenance.'"
secure-020,secure,secure-combined.adoc,Using Tekton Chains to sign and verify image and provenance,1137,1151,"As a security engineer, when I need to enable binary transparency for supply chain security, I want to configure Tekton Chains to upload attestations to Rekor, so I can enable public verification of build provenance.",core,Security engineer,Configure,user_story,Sign OCI images and provenance attestations for compliance,Have Tekton Chains configured; Have Rekor access,Search Rekor for image provenance,Ensure provenance is publicly verifiable; Enable transparency log integration; Minimize risk of undetected tampering,"secure-combined.adoc -> 'Using Tekton Chains to sign and verify image and provenance', lines 1137-1151. Key quote: 'Configure {tekton-chains} by setting the artifacts.taskrun.format, artifacts.taskrun.storage, and transparency.enabled parameters... $ oc patch configmap chains-config -n openshift-pipelines -p={""data"":{""transparency.enabled"": ""true""}}'"
secure-021,secure,secure-combined.adoc,Using Tekton Chains to sign and verify image and provenance,1209,1237,"As a security engineer, when I need to verify that provenance is stored in Rekor, I want to search the transparency log by image digest and retrieve attestation records, so I can prove build provenance is publicly auditable.",core,Security engineer,Secure,user_story,Sign OCI images and provenance attestations for compliance,Have image digest; Have rekor-cli installed,Verify image signatures with cosign,Minimize time to find provenance records; Ensure attestation is discoverable in transparency log; Enable third-party verification of builds,"secure-combined.adoc -> 'Using Tekton Chains to sign and verify image and provenance', lines 1209-1237. Key quote: 'Find the provenance for the image in Rekor... Get the digest of the $REGISTRY/kaniko-chains image... Search Rekor to find all entries that match the sha256 digest of the image: $ rekor-cli search --sha <image_digest>... Check the attestation: $ rekor-cli get --uuid <uuid> --format json'"
secure-022,secure,secure-combined.adoc,Setting up OpenShift Pipelines to view Software Supply Chain Security elements,1305,1326,"When I need to visualize supply chain security artifacts in the OpenShift web console, I want to configure pipelines to display signed badges, vulnerabilities, and SBOMs, so I can quickly assess security posture without CLI tools.",core,DevOps engineer,Observe,main_job,,Have Tekton Chains configured; Have vulnerability scanning task; Have SBOM generation task,Configure vulnerability scanning; Configure SBOM generation; View signed badges in UI,Minimize time to assess security status; Enable non-CLI users to access security data; Reduce friction in security review workflows; Ensure security artifacts are visible in developer workflows,"secure-combined.adoc -> 'Setting up OpenShift Pipelines to view Software Supply Chain Security elements', lines 1305-1326. Key quote: 'Use the Developer or Administrator perspective to create or change a pipeline and view key Software Supply Chain Security elements within a project. Set up {pipelines-shortname} to view: Project vulnerabilities... Software Bill of Materials (SBOMs)... PipelineRuns that meet {tekton-chains} requirement displays signed badges next to their names.'"
secure-023,secure,secure-combined.adoc,Setting up OpenShift Pipelines to view project vulnerabilities,1334,1477,"When I need to prioritize security remediation, I want to view vulnerability counts categorized by severity in the PipelineRun UI, so I can quickly identify critical security issues requiring immediate attention.",core,Security engineer,Observe,user_story,Visualize supply chain security artifacts in OpenShift web console,Have vulnerability scan task configured; Have pipeline configured to emit SCAN_OUTPUT result,Configure vulnerability scan task output format,Minimize time to identify critical vulnerabilities; Enable visual prioritization by severity; Reduce manual parsing of scan results; Ensure vulnerability data is accessible to all stakeholders,"secure-combined.adoc -> 'Setting up OpenShift Pipelines to view project vulnerabilities', lines 1334-1477. Key quote: 'The PipelineRun details page provides a visual representation of identified vulnerabilities, categorized by the severity (critical, high, medium, and low). This streamlined view facilitates prioritization and remediation efforts... You can also review the vulnerabilities in the Vulnerabilities column in the pipeline run list view page.'"
secure-024,secure,secure-combined.adoc,Setting up OpenShift Pipelines to view project vulnerabilities,1365,1450,"As a DevOps engineer, when I integrate vulnerability scanning into my pipeline, I want to configure the scan task to output results in JSON format with severity counts, so I can display vulnerability summaries in the OpenShift UI.",core,DevOps engineer,Configure,user_story,View vulnerability counts by severity in PipelineRun UI,"Have vulnerability scan tool (e.g., Roxctl, Trivy); Have jq tool available in task image",Configure pipeline to reference SCAN_OUTPUT result,Ensure scan results are UI-compatible; Minimize custom parsing logic; Enable consistent vulnerability reporting across pipelines,"secure-combined.adoc -> 'Setting up OpenShift Pipelines to view project vulnerabilities', lines 1365-1450. Key quote: 'Update your existing vulnerability scan task to ensure that it stores the output in the .json file and then extracts the vulnerability summary in the following format: jq -rce {vulnerabilities:{ critical: (.result.summary.CRITICAL), high: (.result.summary.IMPORTANT), medium: (.result.summary.MODERATE), low: (.result.summary.LOW) }}'"
secure-025,secure,secure-combined.adoc,Setting up OpenShift Pipelines to download or view SBOMs,1486,1665,"When I need to understand software composition for compliance and risk assessment, I want to download or view Software Bills of Materials (SBOMs) for pipeline runs, so I can verify dependency safety and licensing.",core,Security engineer,Observe,user_story,Visualize supply chain security artifacts in OpenShift web console,Have SBOM generation task configured; Have pipeline configured with IMAGE_URL result,View SBOM in web UI; Download SBOM via cosign CLI; Search SBOM for vulnerable libraries,Minimize time to access SBOM data; Enable transparency into software composition; Reduce manual SBOM generation effort; Ensure compliance with SBOM requirements,"secure-combined.adoc -> 'Setting up OpenShift Pipelines to download or view SBOMs', lines 1486-1665. Key quote: 'The PipelineRun details page provides an option to download or view Software Bill of Materials (SBOMs), enhancing transparency and control within your supply chain. SBOMs lists all the software libraries that a component uses... You can use a software bill of materials (SBOM) to better understand the composition of your software, identify vulnerabilities, and assess the potential impact of any security issues.'"
secure-026,secure,secure-combined.adoc,Setting up OpenShift Pipelines to download or view SBOMs,1507,1565,"As a DevOps engineer, when I configure SBOM generation in my pipeline, I want to create a task that outputs SBOM data with external-link type, so I can enable one-click SBOM viewing in the OpenShift UI.",core,DevOps engineer,Configure,user_story,Download or view SBOMs for pipeline runs,"Have SBOM generation tool (e.g., Syft); Have pipeline configured",Configure pipeline IMAGE_URL result,Enable browser-based SBOM viewing; Minimize SBOM access friction; Ensure SBOM is linked to pipeline run,"secure-combined.adoc -> 'Setting up OpenShift Pipelines to download or view SBOMs', lines 1507-1565. Key quote: 'Add a task in the following format to view or download the SBOM information... task.results.key: LINK_TO_SBOM, task.results.type: external-link... This configuration enables viewing or downloading SBOM from the PipelineRun details page.'"
secure-027,secure,secure-combined.adoc,Viewing an SBOM in the web UI,1569,1586,"As a security engineer, when I need to quickly check for known vulnerabilities in dependencies, I want to view SBOMs directly in the browser and search for vulnerable libraries, so I can assess risk without downloading files.",core,Security engineer,Observe,user_story,Download or view SBOMs for pipeline runs,Have SBOM configured in pipeline; Have pipeline run completed,,Minimize time to search SBOM for vulnerabilities; Enable in-browser vulnerability assessment; Reduce need for CLI tools,"secure-combined.adoc -> 'Viewing an SBOM in the web UI', lines 1569-1586. Key quote: 'Navigate to the Activity -> PipelineRuns tab... select View SBOM. You can use your web browser to immediately search the SBOM for terms that indicate vulnerabilities in your software supply chain. For example, try searching for log4j.'"
secure-028,secure,secure-combined.adoc,Downloading an SBOM in the CLI,1588,1616,"As a platform engineer, when I need to integrate SBOM data into automated compliance workflows, I want to download SBOMs via cosign CLI, so I can process SBOM data programmatically.",core,Platform engineer,Observe,user_story,Download or view SBOMs for pipeline runs,Have cosign CLI installed; Have SBOM stored in OCI registry,,Enable automated SBOM processing; Minimize manual SBOM retrieval effort; Ensure SBOM data is machine-readable,"secure-combined.adoc -> 'Downloading an SBOM in the CLI', lines 1588-1616. Key quote: 'Open terminal, log in to Developer or Administrator perspective, and then switch to the relevant project. From the OpenShift web console, copy the download sbom command and run it on your terminal: $ cosign download sbom quay.io/<workspace>/user-workload@sha256'"
secure-029,secure,secure-combined.adoc,Reading the SBOM,1618,1665,"When I review an SBOM for compliance and risk assessment, I want to see library author, name, version, and licenses in a structured format, so I can verify dependencies are safely-sourced, updated, and compliant.",core,Security engineer,Analyze,user_story,Download or view SBOMs for pipeline runs,Have SBOM downloaded or viewed,,Minimize time to extract key dependency information; Enable verification of license compliance; Reduce risk of using outdated or vulnerable libraries; Ensure supply chain transparency,"secure-combined.adoc -> 'Reading the SBOM', lines 1618-1665. Key quote: 'In the SBOM... you can see four characteristics of each library that a project uses: Its author or publisher, Its name, Its version, Its licenses. This information helps you verify that individual libraries are safely-sourced, updated, and compliant.'"
secure-030,secure,secure-combined.adoc,Configuring the security context for pods,1731,1766,"When I need to control security permissions for pipeline pods, I want to configure security context constraints (SCC) for task runs and pipeline runs, so I can enforce least-privilege principles while enabling required capabilities.",core,Cluster administrator,Secure,main_job,,Have OpenShift Pipelines installed,Configure default SCC for all pods; Configure namespace-specific SCC; Create custom SCC for specific runs,"Minimize security risks from excessive permissions; Enable required capabilities (e.g., SETFCAP for Buildah); Reduce likelihood of privilege escalation; Ensure compliance with security policies","secure-combined.adoc -> 'Configuring the security context for pods', lines 1731-1766. Key quote: 'The default service account for pods that {pipelines-shortname} starts is pipeline. The security context constraint (SCC) associated with the pipeline service account is pipelines-scc... You can configure the security context for pods that {pipelines-shortname} creates for pipeline runs and task runs. You can make the following changes: Change the default and maximum SCC for all pods, Change the default SCC for pods created for pipeline runs and task runs in a particular namespace, Configure a particular pipeline run or task run to use a custom SCC and service account.'"
secure-031,secure,secure-combined.adoc,Configuring default and maximum SCC for pods,1774,1807,"As a cluster administrator, when I need to standardize security policies across all pipelines, I want to configure default and maximum SCC via TektonConfig, so I can enforce organization-wide security baselines.",core,Cluster administrator,Configure,user_story,Configure security context constraints for pipeline pods,Have cluster-admin privileges; Have TektonConfig access,,Ensure consistent security policies across namespaces; Minimize risk of overly permissive SCCs; Enable centralized security control; Reduce per-namespace configuration effort,"secure-combined.adoc -> 'Configuring default and maximum SCC for pods', lines 1774-1807. Key quote: 'You can configure the default security context constraint (SCC) for all pods that {pipelines-shortname} creates for task runs and pipeline runs. You can also configure the maximum SCC, which is the least restrictive SCC that you can configure for these pods in any namespace... Set the default and maximum SCC in the spec: spec.platforms.openshift.scc.default, spec.platforms.openshift.scc.maxAllowed'"
secure-032,secure,secure-combined.adoc,Configuring the SCC for pods in a namespace,1820,1842,"As a cluster administrator, when I need namespace-specific security policies, I want to annotate namespaces with operator.tekton.dev/scc, so I can override default SCC for pipelines in specific environments.",core,Cluster administrator,Configure,user_story,Configure security context constraints for pipeline pods,Have namespace created; Know required SCC (must not exceed maxAllowed),,Enable namespace-level security customization; Ensure SCC does not exceed maximum allowed; Minimize need for per-pipeline configuration,"secure-combined.adoc -> 'Configuring the SCC for pods in a namespace', lines 1820-1842. Key quote: 'Configure the security context constraint (SCC) for all pods that {pipelines-shortname} creates for pipeline runs and task runs in a particular namespace. The SCC must not be less restrictive than the maximum SCC that you configured by using the TektonConfig CR... Set the operator.tekton.dev/scc annotation for the namespace to the name of the SCC.'"
secure-033,secure,secure-combined.adoc,Running pipeline run and task run with custom SCC and service account,1851,1975,"When I encounter pod timeouts due to default SCC fsGroup settings, I want to create a custom SCC with fsGroup.type set to RunAsAny, so I can avoid timeout issues while maintaining security.",core,Platform engineer,Troubleshoot,user_story,Configure security context constraints for pipeline pods,Have cluster-admin privileges; Understand pod timeout issue (BZ#1995779),Create custom service account; Associate SCC with service account,Eliminate pod timeout errors; Ensure SCC is appropriate for workload; Minimize upgrade disruption; Enable stable pipeline execution,"secure-combined.adoc -> 'Running pipeline run and task run with custom SCC and service account', lines 1851-1975. Key quote: 'When using the pipelines-scc SCC associated with the default pipelines service account, the pipeline run and task run pods might face timeouts. This happens because the default pipelines-scc SCC sets the fsGroup.type parameter to MustRunAs... To avoid pod timeouts, you can create a custom SCC with the fsGroup.type parameter set to RunAsAny, and associate it with a custom service account.'"
secure-authenticating-webhooks,secure,,Securing webhooks with event listeners,2044,2063,"When I need to protect webhook endpoints from unauthorized access, I want to enable HTTPS for event listeners, so I can ensure secure communication within and outside the cluster",core,Cluster admin,Secure,main_job,,Create namespace; Install OpenShift Pipelines Operator,Configure Trigger resources; Create TriggerBinding; Create TriggerTemplate,Minimize risk of webhook data interception; Ensure encrypted connections to event listeners; Enable both internal and external secure access,"Section 'Securing webhooks with event listeners', lines 2044-2063. Abstract states: 'you enable HTTPS for the Eventlistener resource by adding the operator.tekton.dev/enable-annotation=enabled label to the namespace'"
secure-providing-secure-connection,secure,,Providing secure connection with OpenShift routes,2071,2131,"When I need to expose secured webhooks externally, I want to create routes with re-encrypted TLS termination, so I can maintain end-to-end encryption from client to event listener",core,Cluster admin,Secure,user_story,"When I need to protect webhook endpoints from unauthorized access, I want to enable HTTPS for event listeners, so I can ensure secure communication within and outside the cluster","Create event listener; Have TLS certificates (tls.crt, tls.key, ca.crt)",Configure service account for event listener; Set security context for event listener,Ensure end-to-end encryption for webhook traffic; Minimize certificate management complexity; Enable secure external access to event listeners,"Section 'Providing secure connection with OpenShift routes', lines 2071-2131. Procedure shows creating route with reencrypt termination using cert, key, and CA cert"
secure-eventlistener-scc,secure,,Configuring security context for event listeners,2142,2183,"When I need to meet security requirements for event listeners, I want to configure custom security contexts directly in EventListener CRs, so I can ensure containers run with restricted privileges and comply with security context constraints",core,Security engineer,Secure,user_story,"When I need to protect webhook endpoints from unauthorized access, I want to enable HTTPS for event listeners, so I can ensure secure communication within and outside the cluster",Understand security context constraints; Know required resource limits,Create service account with appropriate permissions; Configure RBAC for event listener,Ensure event listeners run as non-root users; Minimize attack surface through read-only filesystems; Comply with OpenShift security context constraints,"Section 'Configuring security context for event listeners', lines 2142-2183. Example shows runAsNonRoot: true and readOnlyRootFilesystem: true settings"
secure-sample-eventlistener-https,secure,,Creating a sample EventListener resource using a secure HTTPS connection,2192,2242,"When I need a working example of secure webhooks, I want to create an EventListener with HTTPS enabled using the pipelines-tutorial, so I can understand the complete configuration flow",core,DevOps engineer,Secure,user_story,"When I need to protect webhook endpoints from unauthorized access, I want to enable HTTPS for event listeners, so I can ensure secure communication within and outside the cluster",Have access to openshift-pipelines namespace; Understand TriggerBinding and TriggerTemplate concepts,Create TriggerBinding resource; Create TriggerTemplate resource; Create Trigger resource,Minimize time to get working secure webhook example; Reduce likelihood of misconfiguration; Understand label-based HTTPS enablement,"Section 'Creating a sample EventListener resource using a secure HTTPS connection', lines 2192-2242. Shows enabling HTTPS via label: operator.tekton.dev/enable-annotation=enabled"
secure-authenticating-repos-secrets,secure,,Authenticating pipelines with repositories using secrets,2246,2316,"When pipelines need to interact with protected repositories, I want to configure authentication using secrets, so I can enable secure access to Git and container repositories during pipeline execution",core,DevOps engineer,Secure,main_job,,"Create service account or define workspace; Have repository credentials (tokens, SSH keys, or Docker configs)",Configure pipeline runs; Configure task runs; Manage service account permissions,Minimize risk of credential exposure; Enable authenticated access to private repositories; Reduce authentication configuration complexity,"Section 'Authenticating pipelines with repositories using secrets', lines 2246-2316. Abstract states: 'you can use secrets to authenticate pipeline runs and task runs that interact with a Git repository or container repository during execution'"
secure-secrets-service-accounts,secure,,Providing secrets using service accounts,2324,2332,"When I need to pass authentication credentials to pipeline tasks, I want to associate secrets with service accounts, so I can make authentication information automatically available to tasks without manual configuration",core,DevOps engineer,Secure,user_story,"When pipelines need to interact with protected repositories, I want to configure authentication using secrets, so I can enable secure access to Git and container repositories during pipeline execution",Create authentication secrets; Define service account,Annotate secrets with repository URLs; Configure TaskRun or PipelineRun with service account,Minimize manual credential passing in task definitions; Ensure credentials are automatically mounted for tasks; Reduce likelihood of credential misconfiguration,"Section 'Providing secrets using service accounts', lines 2324-2332. Concept states: 'The information in the secret becomes available to the tasks that run under this service account'"
secure-secret-types-annotations,secure,,Types and annotation of secrets for service accounts,2338,2455,"When I need to configure repository authentication, I want to understand supported secret types and required annotations, so I can correctly specify which repositories each secret applies to",core,DevOps engineer,Secure,user_story,"When pipelines need to interact with protected repositories, I want to configure authentication using secrets, so I can enable secure access to Git and container repositories during pipeline execution",Understand Kubernetes secret types; Know target repository URLs,Create Git authentication secrets; Create container registry secrets; Configure service accounts,Minimize authentication failures due to incorrect secret types; Ensure proper secret-to-repository mapping via annotations; Support multiple repositories with appropriate annotations,"Section 'Types and annotation of secrets for service accounts', lines 2338-2455. Documents kubernetes.io/basic-auth, kubernetes.io/ssh-auth for Git; basic-auth, dockercfg, dockerconfigjson for registries; tekton.dev/git-N and tekton.dev/docker-N annotations"
secure-basic-http-git-sa,secure,,Configuring Basic HTTP authentication for Git using a service account,2463,2566,"When I need to authenticate pipelines to password-protected Git repositories, I want to configure Basic HTTP authentication using service accounts, so I can enable resource retrieval with username and personal access token",core,DevOps engineer,Secure,user_story,"When pipelines need to interact with protected repositories, I want to configure authentication using secrets, so I can enable secure access to Git and container repositories during pipeline execution",Have Git personal access token or password; Create target namespace; Understand service account configuration,Configure SSH authentication for Git; Associate service account with TaskRun or PipelineRun,Enable authenticated Git clone operations in pipelines; Minimize credential exposure in pipeline definitions; Support GitHub personal access token authentication,"Section 'Configuring Basic HTTP authentication for Git using a service account', lines 2463-2566. Procedure creates kubernetes.io/basic-auth secret with tekton.dev/git-0 annotation, associates with service account, and links to TaskRun/PipelineRun"
secure-ssh-git-sa,secure,,Configuring SSH authentication for Git using a service account,2574,2676,"When I need to authenticate pipelines to SSH-protected Git repositories, I want to configure SSH-based authentication using service accounts, so I can enable secure resource retrieval using private keys",core,DevOps engineer,Secure,user_story,"When pipelines need to interact with protected repositories, I want to configure authentication using secrets, so I can enable secure access to Git and container repositories during pipeline execution",Have SSH private key; Have known_hosts file or accept security risk; Create target namespace,Configure Basic HTTP authentication for Git; Generate SSH keys; Associate service account with TaskRun or PipelineRun,Enable SSH-based Git clone operations in pipelines; Minimize risk of man-in-the-middle attacks via known_hosts; Support custom SSH ports for Git repositories,"Section 'Configuring SSH authentication for Git using a service account', lines 2574-2676. Procedure creates kubernetes.io/ssh-auth secret with ssh-privatekey and known_hosts, uses tekton.dev/git-0 annotation, supports custom port via annotation"
secure-registry-auth-sa,secure,,Configuring container registry authentication by using a service account,2684,2768,"When pipelines need to pull from or push to protected container registries, I want to configure registry authentication using service accounts, so I can enable secure image operations during pipeline execution",core,DevOps engineer,Secure,user_story,"When pipelines need to interact with protected repositories, I want to configure authentication using secrets, so I can enable secure access to Git and container repositories during pipeline execution",Have Docker config.json with registry credentials; Create target namespace,Configure Git authentication; Build container images in pipelines; Push images to registries,Enable authenticated image pull and push operations; Minimize credential exposure in pipeline definitions; Support multiple container registries,"Section 'Configuring container registry authentication by using a service account', lines 2684-2768. Procedure creates secret from config.json, associates with service account, and links to TaskRun/PipelineRun"
secure-ssh-git-task-symlink,secure,,SSH Git authentication in tasks,2790,2820,"When I run Git commands directly in task steps with SSH authentication, I want to symlink SSH directories correctly, so I can ensure Git finds the authentication files despite HOME variable differences",core,Developer,Secure,user_story,"When pipelines need to interact with protected repositories, I want to configure authentication using secrets, so I can enable secure access to Git and container repositories during pipeline execution",Understand SSH authentication setup; Know which user the task runs as,Configure SSH authentication for Git; Create custom tasks with Git commands,Ensure Git SSH authentication works in custom tasks; Minimize authentication failures from directory mismatches; Avoid need for symlink when using git-clone task,"Section 'SSH Git authentication in tasks', lines 2790-2820. Explains that Git ignores $HOME and uses /etc/passwd, requiring symlink: 'ln -s $HOME/.ssh /root/.ssh' before Git commands"
secure-secrets-nonroot-user,secure,,Use of secrets as a non-root user,2827,2846,"When tasks run as non-root users, I want to configure SSH authentication with proper user home directories, so I can enable secure Git access without root privileges",core,Security engineer,Secure,user_story,"When pipelines need to interact with protected repositories, I want to configure authentication using secrets, so I can enable secure access to Git and container repositories during pipeline execution",Understand security contexts in tasks; Know non-root user configuration; Have valid home directory in /etc/passwd,Configure security context constraints; Run tasks with restricted privileges; Symlink SSH directories,Enable SSH authentication for non-root task execution; Minimize privilege escalation risks; Support randomized user/group IDs,"Section 'Use of secrets as a non-root user', lines 2827-2846. States SSH requires valid home directory in /etc/passwd and symlink from $HOME to actual home, notes platform may randomize users/groups"
secure-secrets-workspaces,secure,,Providing secrets using workspaces,2854,2864,"When I need to pass authentication credentials without service account annotations, I want to use workspaces to bind secrets to tasks, so I can provide credentials directly at runtime without annotation requirements",core,DevOps engineer,Secure,user_story,"When pipelines need to interact with protected repositories, I want to configure authentication using secrets, so I can enable secure access to Git and container repositories during pipeline execution",Define named workspace in task; Create authentication secret,Configure workspace in pipeline; Bind secret to workspace at runtime,Minimize annotation management overhead; Enable flexible credential passing per task run; Reduce coupling between secrets and service accounts,"Section 'Providing secrets using workspaces', lines 2854-2864. Concept states: 'If you pass authentication secrets by using workspaces, you do not need annotations for the secrets'"
secure-git-ssh-workspace,secure,,Configuring SSH authentication for Git using workspaces,2872,2998,"When I need to authenticate Git operations via workspaces, I want to configure SSH authentication with workspace-bound secrets, so I can pass credentials at task runtime without service account coupling",core,DevOps engineer,Secure,user_story,"When pipelines need to interact with protected repositories, I want to configure authentication using secrets, so I can enable secure access to Git and container repositories during pipeline execution",Have SSH private key and known_hosts files; Define ssh-directory workspace in task,Create SSH secret from .ssh directory; Run task with workspace secret binding; Copy workspace to HOME/.ssh in task steps,Enable workspace-based SSH authentication for Git; Minimize service account annotation requirements; Support runtime credential selection per task invocation,"Section 'Configuring SSH authentication for Git using workspaces', lines 2872-2998. Shows creating secret from id_ed25519 and known_hosts, defining workspace in task, accessing via $(workspaces.ssh-directory.path), running with --workspace name=ssh-directory,secret=my-github-ssh-credentials"
secure-registry-auth-workspace,secure,,Configuring container registry authentication using workspaces,3005,3089,"When I need to authenticate container registry operations via workspaces, I want to configure registry authentication with workspace-bound secrets, so I can pass Docker credentials at task runtime without service account coupling",core,DevOps engineer,Secure,user_story,"When pipelines need to interact with protected repositories, I want to configure authentication using secrets, so I can enable secure access to Git and container repositories during pipeline execution",Have Docker config.json with registry credentials; Define dockerconfig workspace in task,Create registry secret from config.json; Set DOCKER_CONFIG environment variable to workspace path; Run task with workspace secret binding,Enable workspace-based registry authentication; Minimize service account annotation requirements; Support tools like Skopeo that use DOCKER_CONFIG environment variable,"Section 'Configuring container registry authentication using workspaces', lines 3005-3089. Shows creating secret from config.json, defining dockerconfig workspace, setting DOCKER_CONFIG=$(workspaces.dockerconfig.path), running with --workspace name=dockerconfig,secret=my-registry-credentials"
secure-limit-secret-workspace-step,secure,,Limiting a secret to particular steps using workspaces,3095,3134,"When I need to restrict credential access within a task, I want to limit workspace-bound secrets to specific steps, so I can minimize credential exposure to only the steps that require authentication",core,Security engineer,Secure,user_story,"When pipelines need to interact with protected repositories, I want to configure authentication using secrets, so I can enable secure access to Git and container repositories during pipeline execution",Understand workspace configuration in tasks and steps; Define workspace in task spec,Configure step-level security contexts; Apply principle of least privilege,Minimize credential exposure to unnecessary steps; Ensure only authenticated steps access secrets; Reduce attack surface within multi-step tasks,"Section 'Limiting a secret to particular steps using workspaces', lines 3095-3134. Shows defining workspace in both task spec and specific step spec, notes steps without workspace definition cannot access credentials"
secure-buildah-nonroot,secure,,Building of container images using Buildah as a non-root user,3137,3207,"When I need to build container images in pipelines, I want to run Buildah as a non-root user, so I can reduce security exposure from container processes and prevent potential host access from malicious resources",core,Security engineer,Secure,main_job,,Understand security context constraints; Have buildah task available,Configure custom service accounts; Define security context constraints; Build images in pipelines,Minimize security exposure from root-level container processes; Reduce risk of container escape attacks; Enable unprivileged image builds,"Section 'Building of container images using Buildah as a non-root user', lines 3137-3207. Abstract states: 'Running OpenShift Pipelines as the root user on a container can expose the container processes and the host to other potentially malicious resources. You can reduce this type of exposure by running the workload as a specific non-root user'"
secure-buildah-user-namespaces,secure,,Running Buildah as a non-root user by configuring user namespaces,3214,3284,"When I need the simplest approach to non-root Buildah builds, I want to configure user namespaces with annotations, so I can enable unprivileged builds without custom service accounts or SCCs",core,DevOps engineer,Secure,user_story,"When I need to build container images in pipelines, I want to run Buildah as a non-root user, so I can reduce security exposure from container processes and prevent potential host access from malicious resources",Have buildah task in openshift-pipelines namespace; Know how to edit Kubernetes resources,Copy buildah task to custom task; Configure stepTemplate with security context,Minimize configuration complexity for non-root builds; Enable automatic user namespace mapping; Reduce need for custom SCCs,"Section 'Running Buildah as a non-root user by configuring user namespaces', lines 3214-3284. Shows annotation 'io.kubernetes.cri-o.userns-mode: auto:size=65536;map-to-root=true' and stepTemplate with runAsNonRoot: true, runAsUser: 1000, capabilities add SETFCAP"
secure-buildah-sa-scc,secure,,Running Buildah as a non-root user by defining a custom SA and SCC,3293,3304,"When user namespace configuration doesn't work for my images, I want to define custom service account and security context constraint for Buildah, so I can enable non-root builds with explicit privilege controls",core,Security engineer,Secure,user_story,"When I need to build container images in pipelines, I want to run Buildah as a non-root user, so I can reduce security exposure from container processes and prevent potential host access from malicious resources",Understand security context constraints; Know how to create cluster roles and role bindings,Configure Buildah to use build user; Start task run with custom config,Enable non-root builds for images that fail with user namespaces; Maintain explicit control over privilege escalation settings; Support builds requiring specific user IDs,"Section 'Running Buildah as a non-root user by defining a custom SA and SCC', lines 3293-3304. Concept states this approach requires allowPrivilegeEscalation: true but gives more control"
secure-custom-sa-scc,secure,,Configuring custom service account and security context constraint,3312,3408,"When I need explicit privilege controls for Buildah, I want to create custom service account and SCC with specific user ID restrictions, so I can reduce dependency on default pipeline SA while enabling required capabilities",core,Security engineer,Secure,user_story,"When I need to build container images in pipelines, I want to run Buildah as a non-root user, so I can reduce security exposure from container processes and prevent potential host access from malicious resources",Understand SCCs and cluster roles; Have cluster admin permissions,Configure Buildah task to use build user; Bind SCC to service account via role binding,Minimize dependency on default pipeline service account; Ensure pods run as specific non-root user ID 1000; Enable SETUID and SETGID capabilities for Buildah,"Section 'Configuring custom service account and security context constraint', lines 3312-3408. Shows creating pipelines-sa-userid-1000 SA, pipelines-scc-userid-1000 SCC with allowPrivilegeEscalation: true, runAsUser uid: 1000, ClusterRole, and RoleBinding"
secure-buildah-build-user,secure,,Configuring Buildah to use build user,3416,3526,"When I have custom SA and SCC configured, I want to modify the Buildah task to run as user ID 1000, so I can execute image builds with the build user and proper volume mounts",core,DevOps engineer,Secure,user_story,"When I need to build container images in pipelines, I want to run Buildah as a non-root user, so I can reduce security exposure from container processes and prevent potential host access from malicious resources",Have custom SA and SCC created; Copy buildah task to buildah-as-user,Configure custom service account and SCC; Start task run with custom config,Ensure Buildah runs as build user with ID 1000; Mount storage to correct user home directory; Confirm task execution as non-root via logging,"Section 'Configuring Buildah to use build user', lines 3416-3526. Shows modifying buildah task with securityContext runAsUser: 1000, echo command to display user ID, volumeMount path /home/build/.local/share/containers"
secure-taskrun-custom-config,secure,,"Starting a task run with custom config map, or a pipeline run",3534,3668,"When I have configured the custom Buildah task, I want to create TaskRun or PipelineRun with the custom service account, so I can execute image builds as user ID 1000 with proper authentication",core,DevOps engineer,Secure,user_story,"When I need to build container images in pipelines, I want to run Buildah as a non-root user, so I can reduce security exposure from container processes and prevent potential host access from malicious resources",Have buildah-as-user task created; Have custom SA pipelines-sa-userid-1000 available,Configure Buildah to use build user; Create Dockerfile in ConfigMap; Use git-clone task to fetch sources,Execute Buildah builds with custom service account; Enable integration with pipeline workflows; Support both standalone TaskRun and PipelineRun execution,"Section 'Starting a task run with custom config map, or a pipeline run', lines 3534-3668. Shows TaskRun with serviceAccountName: pipelines-sa-userid-1000, taskRef buildah-as-user; PipelineRun with taskServiceAccountName: pipelines-sa-userid-1000 for buildah task"
secure-unprivileged-build-limits,secure,,Limitations of unprivileged builds,3676,3691,"When I encounter build failures with unprivileged Buildah, I want to understand known limitations, so I can determine if the issue is due to lack of permissions or other factors",core,DevOps engineer,Troubleshoot,user_story,"When I need to build container images in pipelines, I want to run Buildah as a non-root user, so I can reduce security exposure from container processes and prevent potential host access from malicious resources",Attempt unprivileged Buildah build,Resolve mount=type=cache permission issues; Work around mount=type=secret failures,Minimize time diagnosing unprivileged build failures; Understand which Dockerfile features require additional capabilities; Identify workarounds for unsupported mount options,"Section 'Limitations of unprivileged builds', lines 3676-3691. Lists known limitations: --mount=type=cache may fail due to permissions, --mount=type=secret fails due to lack of mounting capabilities"
secure-buildah-ns-task,secure,,Using buildah-ns Tekton task,3700,3772,"When I need to build OCI images with enhanced security, I want to use the buildah-ns task with user namespace isolation, so I can improve container isolation at the kernel level without requiring container runtime daemons",core,Security engineer,Secure,main_job,,Understand user namespace concepts; Have buildah-ns task available,Build images with standard buildah task; Configure user namespace annotations,Minimize impact of container escape vulnerabilities; Ensure kernel-level isolation between containers; Reduce privilege exposure through UID mapping,"Section 'Using buildah-ns Tekton task', lines 3700-3772. Abstract states: 'The buildah-ns Tekton task builds Open Container Initiative (OCI) images without requiring a container runtime daemon...uses buildah and applies user namespace isolation to provide enhanced security'"
secure-buildah-buildah-ns-diff,secure,,Differences between buildah and buildah-ns tasks,3779,3797,"When I need to choose between buildah tasks, I want to understand the differences between buildah and buildah-ns, so I can select the task with appropriate security model for my requirements",core,Security engineer,Plan,user_story,"When I need to build OCI images with enhanced security, I want to use the buildah-ns task with user namespace isolation, so I can improve container isolation at the kernel level without requiring container runtime daemons",Understand buildah task features; Know security requirements,Understand buildah-ns security model; Configure annotations for user namespaces,Minimize time evaluating security trade-offs; Understand automatic user namespace mapping; Choose appropriate task for security needs,"Section 'Differences between buildah and buildah-ns tasks', lines 3779-3797. Lists key differences: task name buildah-ns, annotations 'io.kubernetes.cri-o.userns-mode: auto' and 'io.openshift.builder: true', user namespace separation"
secure-buildah-ns-security-model,secure,,Security model of the buildah-ns task,3804,3825,"When I use buildah-ns for image builds, I want to understand the user namespace isolation security model, so I can verify how UID mapping provides kernel-level isolation and reduced privilege exposure",core,Security engineer,Secure,user_story,"When I need to build OCI images with enhanced security, I want to use the buildah-ns task with user namespace isolation, so I can improve container isolation at the kernel level without requiring container runtime daemons",Understand user namespace concepts; Know UID mapping principles,Configure buildah-ns task; Understand container escape protection,Ensure processes appear as root inside container but non-root on host; Minimize kernel-level privilege exposure; Reduce impact of container escape vulnerabilities,"Section 'Security model of the buildah-ns task', lines 3804-3825. States: 'Inside the container: Processes run as UID 0, which appears as the root user. Outside the container: The same processes run as a nonzero UID on the host system.' Lists advantages: kernel-level isolation, reduced privilege exposure, container escape protection"
secure-buildah-ns-params,secure,,"Workspaces, parameters, and results for the buildah-ns task",3832,3915,"When I configure buildah-ns task execution, I want to understand required workspaces, parameters, and results, so I can provide correct inputs and retrieve build outputs",core,DevOps engineer,Configure,user_story,"When I need to build OCI images with enhanced security, I want to use the buildah-ns task with user namespace isolation, so I can improve container isolation at the kernel level without requiring container runtime daemons",Have source workspace with Containerfile or Dockerfile; Know target image name and tag,Create PipelineRun for buildah-ns; Configure TLS verification settings; Set storage driver,Minimize configuration errors; Understand required vs optional parameters; Retrieve fully qualified image name and digest after build,"Section 'Workspaces, parameters, and results for the buildah-ns task', lines 3832-3915. Documents source workspace, IMAGE parameter (required), CONTAINERFILE_PATH, TLS_VERIFY, VERBOSE, SUBDIRECTORY, STORAGE_DRIVER, BUILD_EXTRA_ARGS, PUSH_EXTRA_ARGS, SKIP_PUSH parameters; IMAGE_URL and IMAGE_DIGEST results"
secure-running-buildah-ns,secure,,Running the buildah-ns task,3922,3972,"When I need to execute a buildah-ns image build, I want to create a PipelineRun with appropriate parameters and workspace bindings, so I can build images with user namespace security",core,DevOps engineer,Deploy,user_story,"When I need to build OCI images with enhanced security, I want to use the buildah-ns task with user namespace isolation, so I can improve container isolation at the kernel level without requiring container runtime daemons",Have PersistentVolumeClaim with source code; Have registry credentials if pushing to protected registry,Configure Kubernetes secret for registry access; Link secret to service account; Set IMAGE and TLS_VERIFY parameters,Execute buildah-ns task successfully; Enable authenticated registry push if required; Minimize manual configuration per build,"Section 'Running the buildah-ns task', lines 3922-3972. Shows PipelineRun YAML with pipelineRef task-buildah-ns, IMAGE and TLS_VERIFY params, workspace with PVC, note about registry authentication via secret"
