doc,section,job_statement,job_type,persona,job_map_stage,granularity,parent_job,prerequisites,related_jobs,desired_outcomes,evidence,notes
working-with-pipelines-web-console.adoc,Working with Pipelines in Developer perspective,"When I need to build CI/CD automation for my application, I want to create custom pipelines using the web console, so I can automate my software delivery process without writing YAML manually",functional,Developer,define,main_job,,OpenShift Pipelines Operator installed; Developer perspective access; Project/namespace access,monitor-pipeline-execution; manage-pipeline-resources,Pipeline created and ready to execute; Tasks configured with proper dependencies; Resources and parameters defined; Pipeline appears in Pipelines view,Pipeline builder form; YAML view option; Task search and installation from Tekton Hub; Visual pipeline representation,"Core job for pipeline creation, covers both Pipeline builder UI and YAML editing approaches"
working-with-pipelines-web-console.adoc,Constructing pipelines using Pipeline builder,"When I am building a pipeline, I want to search and add tasks from Tekton Hub or my cluster, so I can assemble pipelines from reusable components instead of writing tasks from scratch",functional,Developer,locate,user_story,create-custom-pipelines,Pipeline builder open; Tekton Hub accessible or cluster tasks available,configure-task-parameters; define-pipeline-resources,Tasks added to pipeline; Task dependencies configured; Finally tasks added if needed; Tasks show Install/Add/Update status correctly,Quick search field for tasks; Add/Install and add/Update and add buttons; Visual task ordering with plus icons; Add finally task option,"Allows discovery and reuse of tasks, central to visual pipeline construction"
working-with-pipelines-web-console.adoc,Constructing pipelines using Pipeline builder,"When I am defining my pipeline, I want to specify resources, parameters, and workspaces, so I can provide the inputs and outputs my pipeline tasks need to execute",functional,Developer,prepare,user_story,create-custom-pipelines,Pipeline builder open; Tasks added to pipeline,configure-task-parameters; start-pipeline-runs,Git and Image resources defined; Parameters configured for tasks; Workspaces created and assigned; Error indicators cleared,"Add Resources section; Resource type dropdown (Git, Image); Add Parameters link; Add workspace section; Task side panel for resource assignment",Critical for connecting pipelines to source code and container registries
working-with-pipelines-web-console.adoc,Creating Pipelines along with applications,"When I am deploying an application from Git, I want to automatically create a pipeline for it, so I can set up CI/CD as part of my initial application deployment",functional,Developer,define,user_story,create-custom-pipelines,Developer perspective access; Git repository with application code,configure-webhooks; view-topology-pipelines,Application deployed; Pipeline created and associated with application; Webhook configured for Git events; Pipeline visible in Topology view,+Add -> From Git flow; Pipeline template selection; Automatic webhook creation; Topology view integration,Streamlined workflow combining application deployment and pipeline creation
working-with-pipelines-web-console.adoc,Adding a GitHub repository containing pipelines,"When I have pipelines defined in my GitHub repository, I want to connect my repository to the cluster, so I can run pipelines from Git events like pushes and pull requests",functional,Developer,prepare,main_job,,GitHub application configured by administrator; Public or private GitHub repository; Personal access token or token secret,configure-webhooks; create-custom-pipelines,Repository connected to cluster; Webhook configured in GitHub; Pipelines as Code enabled; Git events trigger pipeline runs,Create -> Repository flow; Git Repo URL input; GitHub App vs webhook options; Webhook URL and secret generation; Show configuration options,"Enables GitOps-style pipeline execution, supports both public and private repos"
working-with-pipelines-web-console.adoc,Adding a GitHub repository,"When I am setting up webhook authentication, I want to use either a personal access token or a token secret, so I can securely authorize GitHub to trigger my pipelines",functional,Developer,prepare,user_story,connect-github-repository,Repository creation flow open; GitHub personal access token or existing secret,configure-webhooks,Webhook secret generated; Authentication configured; Webhook details ready for GitHub configuration,Git access token field; Git access token secret dropdown; Generate button for webhook secret; Link to create new token,Two authentication paths provide flexibility for different security requirements
working-with-pipelines-web-console.adoc,Interacting with pipelines using Developer perspective,"When I need to understand my pipeline structure and status, I want to view pipeline details visually, so I can see task dependencies, execution status, and configuration at a glance",functional,Developer,monitor,main_job,,Pipeline exists in project; Pipelines view access,view-pipeline-metrics; debug-pipeline-failures,"Pipeline visualization displayed; Task details accessible; Serial, parallel, and finally tasks visible; When expressions shown; Parameters and resources reviewable",Visual pipeline representation; Zoom controls; Task detail on hover; Details/Metrics/YAML/Pipeline Runs tabs; Tasks and Finally tasks lists,Primary monitoring and understanding interface for pipelines
working-with-pipelines-web-console.adoc,Interacting with pipelines using Developer perspective,"When I want to improve my pipeline performance, I want to see metrics about success rates, run counts, and durations, so I can identify bottlenecks and optimization opportunities",functional,Developer,monitor,user_story,view-pipeline-details,Pipeline with run history; Metrics tab available,view-pipeline-details; optimize-pipeline-workflow,Success ratio visible; Run count over time shown; Pipeline and task durations displayed; Performance trends identifiable,Metrics tab; Pipeline Success Ratio; Number of Pipeline Runs; Pipeline Run Duration; Task Run Duration,Enables data-driven pipeline optimization
working-with-pipelines-web-console.adoc,Interacting with pipelines using Developer perspective,"When my pipeline run fails, I want to access run details and logs quickly, so I can identify and debug the failure",functional,Developer,resolve,user_story,view-pipeline-details,Pipeline run exists; Pipeline Runs tab accessible,view-task-run-logs; rerun-failed-pipeline,Failed run identified; Log snippet visible; Quick link to full logs available; Task run status clear,Pipeline Runs tab; Run status indicators; Log Snippet in Details section; Link to Logs section; Options menu for rerun,Critical for debugging and failure resolution
working-with-pipelines-web-console.adoc,Starting pipelines from Pipelines view,"When I need to execute my pipeline, I want to start a pipeline run with specific resources and parameters, so I can run my CI/CD workflow on demand or test pipeline changes",functional,Developer,execute,main_job,,Pipeline created; Git and image resources available or ready to create; Workspace volumes available,configure-secrets; monitor-pipeline-execution,Pipeline run started; Resources selected or created; Parameters configured; Workspaces bound to volumes; Execution visible in PipelineRun details,Start Pipeline dialog; Git Resources and Image Resources fields; Parameters section; Workspaces section with volume source options; Advanced Options for credentials,"Primary execution entry point, supports on-demand and manual testing"
working-with-pipelines-web-console.adoc,Starting pipelines from Pipelines view,"When my pipeline needs to access private Git repositories or registries, I want to add authentication secrets during pipeline start, so I can authorize access to protected resources",functional,Developer,prepare,user_story,start-pipeline-runs,Pipeline start dialog open; Credentials for private Git or registry,configure-secrets,Secret created with credentials; Authentication type configured; Provider and server URL specified; Secret available for pipeline run,"Advanced Options -> Show Credentials Options; Create Source Secret section; Authentication types: Image Registry, Basic, SSH; Add Secret and Add Credentials buttons",Enables pipelines to work with private resources securely
working-with-pipelines-web-console.adoc,Starting pipelines from Pipelines view,"When I start a pipeline run, I want to monitor task execution in real-time, so I can track progress and catch issues as they occur",functional,Developer,monitor,user_story,start-pipeline-runs,Pipeline run started,view-task-logs; debug-pipeline-failures,Live task status visible; Step execution progress shown; Task durations displayed; Logs accessible per task; Events stream available,PipelineRun details visualization; Task status colors; Hover details for tasks; Logs tab with expandable pane; Events tab; Download logs options,Real-time monitoring crucial for catching failures early
working-with-pipelines-web-console.adoc,Starting pipelines from Topology view,"When I am working with my application in Topology view, I want to start and monitor pipelines from the application context, so I can see my CI/CD status alongside my application deployment",functional,Developer,execute,user_story,start-pipeline-runs,Application created with From Git option; Pipeline associated with application,view-topology-pipelines; rerun-pipeline,Pipeline run initiated from Topology; Pipeline status visible on application node; Start Last Run option available; Integrated view of app and pipeline,Topology view application node; Pipeline Runs side panel; Start Last Run button; Pipeline status icon; Resources tab with Log Snippet,"Application-centric workflow, integrates deployment and CI/CD views"
working-with-pipelines-web-console.adoc,Interacting with pipelines from Topology view,"When I am managing my application, I want to see pipeline status and failure details in the Topology view, so I can quickly understand build and deployment health without switching contexts",functional,Developer,monitor,user_story,view-topology-pipelines,Application with pipeline in Topology view,debug-pipeline-failures; start-pipeline-runs,Pipeline run status visible on app node; Not started pipelines identifiable; Failure log snippets accessible; Quick access to logs and details,Pipeline status icon on application; Not started status message; Log Snippet in Pipeline Runs section; Link to full logs; Builds section visibility,Unified application and pipeline health monitoring
working-with-pipelines-web-console.adoc,Editing pipelines,"When my pipeline requirements change, I want to edit existing pipelines, so I can add tasks, modify parameters, or update resources without recreating from scratch",functional,Developer,modify,main_job,,Pipeline exists; Pipeline Details page access,create-custom-pipelines; delete-pipelines,Pipeline modified with new tasks or parameters; Task details updated; Tasks removed if needed; Changes saved and reflected in pipeline,Actions -> Edit Pipeline; Pipeline builder for editing; Task side panel for modifications; Actions -> Remove Task; Save button,Iterative pipeline development and maintenance
working-with-pipelines-web-console.adoc,Deleting pipelines,"When pipelines are no longer needed, I want to delete them from the cluster, so I can clean up resources and maintain an organized pipeline inventory",functional,Developer,end,main_job,,Pipeline exists; Pipelines view access,edit-pipelines,Pipeline removed from cluster; Pipeline no longer appears in views; Confirmation prevents accidental deletion,Options menu -> Delete Pipeline; Delete Pipeline confirmation prompt; Delete button,Lifecycle management for pipelines
working-with-pipelines-web-console.adoc,Creating pipeline templates in Administrator perspective,"When I need to standardize pipelines across teams, I want to create reusable pipeline templates, so developers can quickly create pipelines following organizational best practices",functional,Administrator,define,main_job,,Cluster administrator access; Administrator perspective; OpenShift Pipelines Operator installed,create-custom-pipelines,Template created in openshift namespace; Runtime and type labels applied; Template available to developers; Standardized pipeline patterns established,Import YAML flow; openshift namespace requirement; pipeline.openshift.io/runtime label; pipeline.openshift.io/type label; Pipeline details page,Enables governance and standardization across development teams
working-with-pipelines-web-console.adoc,Pipeline execution statistics in web console,"When I need to analyze pipeline performance and reliability, I want to view execution statistics and trends, so I can make informed decisions about pipeline improvements and capacity planning",functional,Administrator,monitor,main_job,,Tekton Results installed; Pipelines console plugin enabled; Pipeline execution history,enable-console-plugin; view-pipeline-metrics,Statistics overview visible; Success rates and run counts displayed; Duration metrics available; Trends over time identifiable; Per-pipeline and aggregate views accessible,"Pipelines -> Overview page; Pipeline details Metrics tab; Pipeline run graphs; Duration statistics (total, average, maximum); Pipeline table with duration and success rate",Administrative observability for fleet-wide pipeline analysis
working-with-pipelines-web-console.adoc,Enabling the Pipelines console plugin,"When I want to access pipeline statistics, I want to enable the console plugin, so I can see execution metrics and performance data in the web console",functional,Administrator,prepare,user_story,view-pipeline-statistics,Cluster administrator access; OpenShift 4.15 or later; Pipelines Operator installed,view-pipeline-statistics,Console plugin enabled; Statistics features available; Plugin status shows Enabled,Operators -> Installed Operators; Console plugin status label; Enable option; Save button,One-time configuration required for statistics features
working-with-pipelines-web-console.adoc,Viewing statistics for all pipelines,"When I need to understand overall pipeline health, I want to view consolidated statistics across all pipelines, so I can assess system-wide CI/CD performance and identify problematic pipelines",functional,Administrator,monitor,user_story,view-pipeline-statistics,Console plugin enabled; Tekton Results installed; Pipeline execution history,view-pipeline-specific-statistics,Aggregate metrics visible; Pipeline run status graph displayed; Duration metrics shown; Pipeline comparison table available; Time range and project filters applied,"Pipelines -> Overview; Run status graph over time; Total/average/maximum duration; Pipeline table with all pipelines; Project, Time range, Refresh interval filters",Fleet-wide observability for administrators and DevOps teams
working-with-pipelines-web-console.adoc,Viewing statistics for a specific pipeline,"When I need to analyze a particular pipeline's performance, I want to view its execution statistics, so I can identify bottlenecks, success rates, and trends specific to that pipeline",functional,Developer,monitor,user_story,view-pipeline-statistics,Console plugin enabled; Pipeline with execution history; Pipelines page access,view-all-pipeline-statistics; optimize-pipeline-workflow,Pipeline-specific metrics displayed; Run status and count visible; Duration trends shown; Time-based filtering available,Pipeline details -> Metrics tab; Run status graph; Duration statistics; Time range and refresh interval controls,Granular performance analysis for individual pipeline optimization
